id,english_original,kyrgyz_translation,emotion,quality,notes
edm4r5f,BPA not fit especially when we dont have a good team,"BPA туура эмес, айрыкча командабыз начар болгондо",anger,,
ee86lud,To be fair he did apologize for that one after he learned what Pride was really about but I still wouldn’t recommend going near his Twitter anymore,"Чынын айтканда, ал Прайд чындыгында эмне экенин билгенден кийин ошол нерсе үчүн кечирим сурады, бирок мен дагы деле анын Твиттерине жакыныраак барбоону сунуштайм",anger,,
ee7q8a0,"Wow Toxicity has been done thousands of times, becoming less and less original, try something new. NEXT! ","Вау, Toxicity миңдеген жолу жасалган, барган сайын оригиналдуулугу жок болуп баратат, жаңы нерсе жасап кел. КИЙИНКИ!",anger,,
eeexfuu,Doesn’t excuse the majority of southerners,Бул түштүктүктөрдүн көпчүлүгүн актабайт,anger,,
eelry07,Obligatory fuck the dodgers,Милдеттүү: Доджерс жоголсун,anger,,
ee01kpe,Stupid plays after stupid fkin plays,Акмак оюн артынан акмак б*** оюн,anger,,
ed9zt7y,I blame [NAME] for this series of unfortunate events,Бул бир катар жагымсыз окуялар үчүн мен [АТ]ды айыптайм,anger,,
efg9rcx,As we shouldn't. We are trying to win a SB here not showcase another star player.,"Болбошубуз керек. Биз бул жерде СБ утуу үчүн күрөшүп жатабыз, дагы бир жылдызды таанытуу үчүн эмес.",anger,,
edqlbc4,"I partly disagree. In an argument that stupid, whoever writes more text than the other person is inevitably the bigger moron.",Мен жарым-жартылай макул эмесмин. Ошончолук акмак талашта башкасынан узунураак текст жазган адам — сөзсүз эле чоңураак акмак болот.,anger,,
ed27uml,I have failed you [NAME]. I have failed you.,Мен сени көйгөйгө салдым [АТ]. Көйгөйгө салдым.,anger,,
eeqerzl,Shouldn’t really expect him to be doing well.. he’s a 3rd stringer playing 6man minutes,"Анын жакшы ойноорун чындап күтпөш керек эле.. ал 3-запастагы оюнчу, 6 мүнөт гана ойноп жатат",anger,,
efepf3i,YOU DONT SAY,"АЙ, ЧЫНБЫ?!",anger,,
ef1ypgj,I'm only saying it because I'm jealous :(,"Муну айтып жатам, анткени кызганып жатам :(",anger,,
ederxeo,I don't think my town has a market.,Менин шаарымда базар жок окшойт.,anger,,
ee5xvwn,I hate these memes because [NAME] never cared if he did or didn't have a nose.,"Мен бул мемдерди жек көрөм, анткени [АТ] мурду бар же жок экенине эч качан кызыкпаган.",anger,,
ef8hx01,all the more reason to not give a fuck about CFF,CFF жөнүндө ойлобой коюга дагы бир себеп,anger,,
edg9sed,My point was that there is no good vote here. This is legislative battle over wall funding and any given vote makes sense only in that context.,Менин айтайын дегеним — бул жерде туура добуш жок. Бул дубал каржылоосу боюнча мыйзам чыгаруу күрөшү жана ар кандай добуш ушул контекстте гана мааниге ээ.,anger,,
ef9wy7z,For the love of [NAME] stop making him relevant. Please.,"[АТ]дын жолуна, аны актуалдуу кылгылабагыла. Суранам.",anger,,
eezeps2,"Go your own way, loser. ","Өз жолуңа жүр, жеңилгич.",anger,,
eczsg35,Same but I’m not really believing the OP isn’t a troll.,"Мен дагы, бирок ОПтун тролль эместигине чындап ишенбей жатам.",anger,,
eeyg7qy,Looks deliriously boring.,Жинданып жалыктырат экен.,anger,,
efboftf,I got an unsolicited text from wal-mart earlier today and I almost went into orbit. Spam texts are completely unacceptable.,"Бүгүн Walmart'тан сурабаган SMS келди, аздан чарт дей жаздадым. Спам SMSтер такыр кабыл алгыс.",anger,,
ed0uhux,Yeah. I killed them both.,Ооба. Экөөнү тең өлтүрдүм.,anger,,
ef8l8d3,If you wanna spend thousands for every piece of furniture then sure but a lot of people don’t have the budget for this.,"Эгер ар бир эмерекке миңдерди жумшагың келсе болуптур, бирок көп адамдын мындай бюджети жок.",anger,,
eeo14xx,Even on steroids of all kinds in high doses there is no way that this is done in 16 weeks,"Ар кандай стероиддерди жогорку дозада алса дагы, муну 16 жумада бүтүрүү мүмкүн эмес.",anger,,
edzlp7j,Uhh...weird flex but ok?,"Уу... странный флекс, бирок окей?",anger,,
een61tu,Shut up you shill /s,"Ооздон тый, жарнамачы /s",anger,,
ee206z0,5 is absolutely average. 6 would be kinda cute but nothing special. Kinda annoys me that so many people rate 5 as being lowkey ugly lol,"5 — такыр орточо. 6 болсо бир аз сонун болмок, бирок өзгөчө эмес. Ушунча адам 5ти жашыруун сонун эмес деп баалашы мени кейитет лол",anger,,
ee06627,"This guy hasn't learned his lesson. Bake 'im away, toys!","Бул жигит сабак алган жок. Бышырып сал аны, оюнчуктар!",anger,,
ed8q7ii,nah. YOU will get it when you're about 20 years older.,Жок. СЕН аны 20 жылдан кийин түшүнөсүң.,anger,,
ed9a305,I hate that you've forced me to deal with a reality I've been blissfully ignoring.,Бактылуу түрдө этибарга албай жүргөн чындыкка мени мажбурлаганыңды жек көрөм.,anger,,
eekt6qm,Can someone summarise it here? I can’t get past the paywall.,Кимдир бирөө муну бул жерде кыскача айтып бере алабы? Акы төлөнүүчү дубалдан өтө албай жатам.,anger,,
ee7iifb,"Not practicing with the team, seems like a bad sign for playing today. ","Команда менен машыкпай жатат, бүгүн ойнобой калчудай белги.",anger,,
eeo3vwc,Of course not. Why admit their circle jerk was wrong? They'll only learn the lesson after the lawsuit ends.,Албетте жок. Алардын өз-ара мактанышы туура эмес экенин эмне үчүн мойнуна алышсын? Сот иши бүткөндөн кийин гана акылдарын жыйышат.,anger,,
ed5r7je,"Nobody forced [NAME] to take [NAME] over [NAME], if he liked him that much then he should’ve just taken him.","Эч ким [АТ]ты [АТ]дын ордуна [АТ]ты алууга мажбурлаган жок, эгер ал аны ошончолук жакшы көрсө, жөн эле аны алмак.",anger,,
ed2swea,"I would not recommend water panties, you might find things a bit squishy! ;)","Суу шымча сунуштабайт элем, бир аз шалпылдак болуп кетиши мүмкүн! ;)",anger,,
efbjkic,This is not good.,Бул жакшы эмес.,anger,,
ed6ds7g,Stop following me around you one hour old troll account.,"Мени кууп жүрүүнү токтот, бир саатта жаралган тролл аккаунт.",anger,,
edcbp40,"That isn't entirely fair. We're also for harboring regular ol' right trolls, too.",Бул толук адилеттүү эмес. Биз да кадимки оң каноттуу троллдорду паналоого даярбыз.,anger,,
eff11g7,nope. not hers.,жок. анын эмес.,anger,,
ed9ehs4,This is not a legal issue. Take it up with your school if you don't agree with it.,"Бул юридикалык маселе эмес. Макул болбосоң, мектебиңе барып айт.",anger,,
ed2zels,"Oh no! I'll check into it; there are transcripts available, but it isn't really the same thing, is it? ","Оой жок! Карап көрөм; транскриптер бар, бирок ал так ошол эмес да, туурабы?",anger,,
edlqdw9,Arguably. It is undefined.,Талашса болот. Аныкталган эмес.,anger,,
eezt2b4,"It wasn't a good idea then... it's been 10 years, why do you still think this was funny?","Ал кезде да жакшы идея эмес болчу... 10 жыл өттү, эмне үчүн дагы эле бул күлкүлүү деп ойлойсуң?",anger,,
efa9hna,Just so freaking miserable. Trying to make me miserable as well,Жөн эле жаман жыйылып. Мени да ошондой кылгысы келет,anger,,
efe5qy5,I know a dozen local school administrators. What the hell are you talking about?,Жергиликтүү мектеп директорлорунун бир нечесин жакшы билем. Эмне деп жатасың дейм?,anger,,
efg6gs7,You crush them up,Аларды уватасың,anger,,
eeonsm4,"You do realise that a toilet lid doesn't make the toilet air tight, so the toxic poo ridden air you're so worried about would still escape.","Унитаздын капкагы аны герметикалык кылбай тургандыгын биле бересиңби, ошентип сен ошол кабатырланган уулуу жыт дагы эле чыга берет да.",anger,,
edmbic4,"Cop is stupid for upholding the law, I think most people here would beg to differ but wtfdik","Мыйзамды сактагандыгы үчүн полицей акмак дейт — мында көпчүлүк каршы болот деп ойлойм, бирок мен эмне билейин",anger,,
ef4j6kw,[NAME] feel bad for ye no one can take a joke,"[АТ] сени аяйм, эч ким тамашаны түшүнбөйт",anger,,
ee73gct,People’s shame and cultural oppressions regarding sexual behavior is responsible for all the world’s woes.,Адамдардын уяты жана сексуалдык жүрүм-турумга байланыштуу маданий кысымдар дүйнөдөгү бардык балээнин себепкери.,anger,,
eeosy67,You probably can. They're shit at hurling.,Мүмкүн кыласың. Алар херлингди тыйынга тутпайт.,anger,,
ef9obtb,[NAME] unborn grandchildren disliked that.,[АТ]тын төрөлө элек небере-чөбөрөлөрү дагы дизлайк койду.,anger,,
eepirny,The republicans are the military. You are an idiot.,Республикачылар — аскер. Сен аңкоосуң.,anger,,
ed84ryl,That has nothing whatsoever to do with what I was talking about.,Бул менин айткандарыма такыр тиешеси жок.,anger,,
edeq5mz,I think they're all equally bad in their own way.,"Менимче, алардын баары өз жолу менен бирдей жаман.",anger,,
eendu1y,"Ya know, I hate lying but I guess I'd make an exception for this. ","Билесиңби, жалганды жек көрөм, бирок бул жолу өзгөчөлүк кылар элем.",anger,,
eeh9m9k,This. One of my biggest pet peeves. What the hell does it even mean?,Ушул. Менде эң жийиркеничтүү нерселердин бири. Эмне дегени болду эле?,anger,,
ef4fuce,I really don't like the way she says zombie. It sounds like she tryed to fill up space.,"Анын ""зомби"" деп айтуусун чын эле жактырбайм. Бош жерди толтурганы угулат.",anger,,
ees3i0v,Why are you okay with racism and why are slurs the red line?,"Эмне үчүн расизмге макулсуң, ал эми сөгүс сөздөр гана чек болот сага?",anger,,
eejrwhw,Sounds like he dodged a bullet. You’re kinda dumb.,"Окшойт, ал кырсыктан кутулуп калган. Сен бир аз аңкоосуң.",anger,,
eesd3b4,The aints can lick my bum hole.,Аинтс менин көт тешигимди жалашсын.,anger,,
eeh27pz,It is so crazy to me that people unironcally use “kicks their trash”. I guess they just don’t want to swear.,"Адамдар ""kicks their trash"" деп оюнсуз колдонушат деп акылым жетпей жатат. Сөгүнгүлөрү келбесе керек го.",anger,,
edgi89k,It bugs me just how many people move over to be on camera,Канча адам камерага кирүү үчүн жылышат — буга жини кетет.,anger,,
edg1qui,I mean that’s still weird bro... it’s like a college grad feeling up a junior in HS,"Бро, ал дагы деле кызыктай... бул университетти бүтүргөн бирөөнүн орто мектептин окуучусуна колун тийгизгенине окшош.",anger,,
ed8w1cd,> That shit happens all the time with cabs. No. It does not,> Ал такси менен дайым болот. Жок. Болбойт.,anger,,
ed98k28,holy crap that's messed up.,"Кудай ай, бул жаман нерсе экен.",anger,,
edd9dlm,Fuckin Finnish spitz out there bud,"Ал жерде сокур финдик шпиц бар, досум.",anger,,
eem72hu,"I’m sorry, you just sound like one of those people who takes overwatch super seriously and has no life","Кечир, сен Overwatch-ты өтө олуттуу кабыл алган жана жашоосу жок адамдардын бирине окшоп кетесиң.",anger,,
edubzwy,Fuck off.,Жоголуп кет.,anger,,
edwtu4d,I didn't know operation was a failure to be honest lol just knew what it was,"Чынын айтсам, операция ийгиликсиз болгонун билген эмесмин лол, жөн гана эмне экенин билчүмүн",anger,,
eeqn68w,I want to see someone get decimated by a [NAME] hit,Бирөөнүн [АТ] урганынан кыйрап калганын көргүм келет,anger,,
edbmho6,I get hella pissed when people who are shorter than me complain about being too tall.,Менден кыска адамдар өтө узун деп нааразы болгондо башым кетет,anger,,
eedmcll,[NAME] I hate this,[АТ] мен муну жек көрөм,anger,,
ed4ze8q,Makes it even weirder that she now hates America,Ал азыр Американы жек көргөнү аны дагы да оддо кылат,anger,,
ef029jq,Shut up 15 year-old,"Ооз жаб, 15 жашар",anger,,
eeqw4lv,I just unassigned and left,Жөн гана unassign кылып кетип калдым,anger,,
eejk3ze,That's not what I've heard ;),Мен башкача уккам ;),anger,,
eehor1w,You k how it's bad when a furry is roasting you,"Билесиңби, бир фурри сени мазактап жатканда — бул жаман белги",anger,,
eelv98w,Damned asshole trouble maker!! Someone has mummy issues. 👀,Каргыш урган козголоңчу!! Бирөөнүн апасы менен маселеси бар окшойт. 👀,anger,,
eeh6hgq,[NAME] I HATE those.,[АТ] мен аларды ЖЕК КӨРӨМ.,anger,,
edzcjhn,"I think that's just natural, humans weren't really intended to fly by nature so I guess it just feels wrong or something, idk","Менимче бул жөн эле табигый нерсе, адамдар учуу үчүн жаратылган эмес да, ошондуктан туура эмес сезилет окшойт же ошондой бирдеңе, билбейм",anger,,
edkdlxe,This is a very cursed lineup,Бул абдан каргышалуу тизме,anger,,
edpetgd,"Yeah like ""oh yeah? No shit?""","Ооба, ""о, чынбы? Айтпасаңчы?"" дегендей",anger,,
eeamz5c,That one pesky drop of water was in it for the long haul.,Ал бир тынчысыз суу тамчысы узунга чейин кармап турду.,anger,,
eetiq43,As a contractor this is a huge nono. If it's not on paper it not on your wall either.,"Подрядчик катары бул чоң жок-жок. Кагазда жок болсо, дубалыңда да жок.",anger,,
eervr37,Tbh I don't quite get the hype behind [NAME],"Чынын айтсам, [АТ] артындагы хайпты түшүнбөйм",anger,,
eewb9dr,"Not the snowbank, though. That will end badly in spring.",Бирок кар үймөгүн эмес. Ал жазда жаман аяктайт.,anger,,
efbinm8,"Oh damn, it’s gonna hunt me down. ","Оу, жок, ал мени кууп жетет го.",anger,,
eebih3j,BUT IT WOULD HAVE TAKEN THEM LIKE TWO SECONDS TO HELP HIM GET OUT REALLY!!! This show makes me angry sometimes.,БИРОК АЛАРГА АНЫ ЧЫГАРЫП АЛЫШКА ЭКИ СЕКУНД ГАНА КЕТМЕК ЧЫН!!! Бул сериал кээде мени ачуулантат.,anger,,
efdvyug,No deal then? Sick of reading about this shite.,Анда макул эмеспи? Бул бокту окуп тажадым.,anger,,
ee4t3tu,Your comments are nothing but rhetorical ways of telling me I'm wrong. Zero substance.,Сенин комментарийлериң мени туура эмес деп айтуунун риторикалык жолдору гана. Эч маани жок.,anger,,
eeb2y2u,The sea was angry that day my friends...,"Деңиз ал күнү ачуулуу болчу, досторум...",anger,,
eeaoisb,The stupid is real,Акмактык чындап бар экен,anger,,
ed2o41j,You didn't say they were racist channels,Алар расисттик каналдар деп айтпагансың,anger,,
ee0csyv,Much more badass than the union suit.,Union suit'тен алда канча крутой.,anger,,
ed497m1,This sounds like a toxic relationship for the both of you. Seems miserable... I’d hate to be in that relationship,Бул экөөңөр үчүн да токсикалык мамиледей угулат. Азаптуу... Мен андай мамиледе болгум келмек эмес,anger,,
ee3dz69,Been saying horford has been overrated since he got that fat contract,Хорфорд ал жоон контрактты алганынан бери ашыкча бааланган деп айтып келатам,anger,,
edus2tq,"I can't stand when a team member has no shoes, the sound drowns out other sounds for me and its just incredibly annoying to listen to all game","Команда мүчөсүнүн бут кийими жок болгондо чыдай албайм, ал үн башка үндөрдү баса калат жана бүтүндөй оюнду угуу абдан тажаткыч",anger,,
eek6l2f,"Haven’t forgotten, but let’s get his ridiculous defense up to par. ","Унутган жокмун, бирок анын күлкүлүү коргонуусун нормалдуу деңгээлге жеткирели.",anger,,
ef9o63l,I meant I wouldn't bring up wanting it to be vanilla and changing terms.,Мен ванилла болушун каалагандыгымды жана шарттарды өзгөртүүнү козгобойм дегенди айттым.,anger,,
edhh6qa,You fucked up. You trusted them.,Опурулдуң. Аларга ишендиң.,anger,,
eercs51,[NAME] and [NAME]. There really is NO point of them staying and they are unbearable to watch.,[АТ] жана [АТ]. Алардын калуусунун чындап эч мааниси жок жана аларды көрүп отуруу чыдагыс.,anger,,
eev9yr0,It’s insane how [NAME] hasn’t been carded yet,[АТ] дагы эле карточка алган жок — бул акылга сыйбайт,anger,,
ef747g4,There's a difference between rights and law. Stop conflating the two.,Укуктар менен мыйзамдын ортосунда айырма бар. Аларды аралаштырбагыла.,anger,,
eej4r3g,Yeah because a country can't multitask. Go pedal your propaganda elsewhere,"Ооба, анткени өлкө бир убакта бир нерседен ашыкты жасай албайт го. Башка жакка барып пропагандаңды жайгын.",anger,,
ednj3c1,It’s because he so consistently lies and states mistruths. Why keep listening to a dishonest idiot?,"Анткени ал дайыма жалган сүйлөп, калп нерселерди айтып келет. Мындай нааданды угуп отуруунун кереги эмне?",anger,,
ef6ejan,">It's not FSA I am not going to discuss about something, which isn't even my point. ",>FSA эмес. Менин пикиримди да козгобогон нерсе жөнүндө талкуулабайм.,anger,,
efberzy,Kinda weird to continuously shoot at Police too...,Полицияга дагы тынымсыз атып туруу — бир аз жини келтире...,anger,,
edrhb6t,And yet still just outside of the playoffs and not the worst team in the last 10 games.,Бирок дагы эле плей-оффтон тышкары жана акыркы 10 оюнда эң начар команда эмес.,anger,,
eczweq4,At least I dont care about any of them.,Жок дегенде мен алардын эч кимине кызыкпайм.,anger,,
eegrakn,No! Your the dumbass for leaving the keys in the car! Again DUMBASS!!!!!,"Жок! Ачкычтарды машинеде калтырган — өзүң акмаксың! Дагы бир жолу, АКМАК!!!!!",anger,,
eeobf49,Nah I didn’t get scammed but my money is sitting in the Dream Market escrow doohickey. Whatever that means! Haha!,"Жок, мени алдашкан жок, бирок менин акчам Dream Market эскроу деген бир нерседе жатат. Эмне дегени болсо да! Хаха!",anger,,
ed28t35,[NAME] already had that in their comment and I didn't deny it. I guess that level of attention to detail isn't taught at Bellevue Community College.,"[АТ] буну өз комментарийинде айтып коюшкан, мен да жокко чыгарган жокмун. Мындай деталдарга көңүл буруу Bellevue Community College'де үйрөтүлбөйт окшойт.",anger,,
ed6fgzy,That's beyond fucking creepy!,"Бул жийиркеничтин чегинен ашып кетти, наалат!",anger,,
eecyzlx,I don’t remember [NAME] saying that tbh,"[АТ] мындай деген, чынын айтсам, эсимде жок",anger,,
eef2ygp,"Fuck it, im paying the premium -- 15% risk in not getting your money is quite high! ","Кой эми, мен премиум төлөйм — акчаңды ала албоо коркунучу 15% болсо, бул өтө жогору!",anger,,
edlsfdf,yesterday was a fucking travesty to the game of basketball,"кечээ баскетбол оюну үчүн чыныгы масхара болду, наалат",anger,,
eezso4p,that's not split pushing. split pushing is literally pushing 2 lanes at once.,"бул сплит пуш эмес. сплит пуш — бул тууп айтканда, 2 жолду бир убакта итеруу.",anger,,
ef9s4jb,Right? Don't want to get my hopes up for a rumor.,Туура да? Бир ушак үчүн үмүтүмдү чоңойтуп алгым келбейт.,anger,,
edoqnr3,That shit sent me on a fucking journey to read.,Ошол сасыгы мени окуп чыгуу үчүн бир жинди сапарга жиберип жиберди.,anger,,
edpxmu6,Just another above average looking girl who works out for a year and gets a million followers for posting her ass. We live in a society,"Дагы бир орточо мыкты кыз — бир жыл спорт жасап, жөн эле артын жарыялап миллион фоловер алат. Биз ушундай коомдо жашайбыз.",anger,,
ee9ovup,It regenerates hate. It's hate motivational.,Бул жек көрүүнү кайта жаратат. Жек көрүү мотиватору.,anger,,
eeas6wy,"Yes, you just push. I've been having periods for 29 years (bloody hell) and I've never managed to get to grips with applicators.","Ооба, жөн гана итер. Мен 29 жыл бою айыз болуп жатам (ай, кудайым) жана аппликаторлорду колдонууну эч башкара алган жокмун.",anger,,
ee2yih0,Honestly if you had to live in punchbowl you’d be angry too,"Чынын айтсаң, сен да Панчбоулда жашашың керек болсо, сен да ачуулануп кетер элең.",anger,,
ee62djx,Dammit as a mom of boys that made me straight up tear up,"Ай, теңир-ай, уул балдардын энеси катары бул мени дароо ыйлатып жиберди.",anger,,
ed7mv68,"Saying ""don't come into this subreddit just to start arguments about politics"" isn't intolerance.","""Бул сабредитке саясат боюнча талаш баштоо үчүн гана кирбегиле"" деп айтуу — бул чыдамсыздык эмес.",anger,,
eebwx5v,Because it's so ridiculously stupid people just can't help themselves.,"Анткени бул ушунчалык акмакча, адамдар өздөрүн токтото алышпайт.",anger,,
eehpq6s,"It's shit, it's over, put the damn format to bed and send the cunts who make it over to Fox","Бул сасык, бүттү — ошол каарган форматты жаап коюп, аны жасагандарды Foxко жиберип жибергиле.",anger,,
ed67vcb,Fucking Synths. -[NAME],Боюнан өткөр Синттер. -[АТ],anger,,
ees3c03,"No dude. This person has two sick kids and is taking you back to their place... yeah, just no. ","Жок, досум. Бул адамдын эки ооруган баласы бар, ал сени өз үйүнө алып барат... жок, жөн гана жок.",anger,,
eet69y1,Now THIS IS shitposting,Мына БУЛ чыныгы шитпостинг,anger,,
eed00es,"There is a difference, because unless something had given them encouragement, they'd still be feeling negative about it. ","Айырма бар, анткени аларга дем берген нерсе болбогондо, алар дагы эле ага терс мамиле кылышмак.",anger,,
edjh20t,> For the same reason it wouldn’t permit business with an expressly racist/sexist/etc. business But those practices are illegal at all levels already.,> Ачык расисттик/сексисттик/ж.б. бизнес менен иш жүргүзүүгө жол бербегендей эле себеп менен. Бирок ал практикалар мурунтан эле бардык деңгээлде мыйзамсыз.,anger,,
ef0t7qi,Those other countries clearly exploited to shit? Dats cuz it's not mah [NAME]. -You with your big brain logic.,Ал башка өлкөлөр ачык тоноп-талаган? Себеби бул менин [АТ] эмес. — Сен чоң мээ логикаң менен.,anger,,
ee0wtok,No. Screw him. It IS a demanding job. Physically and emotionally draining. You deserve a hot meal and a friggin hour or two to decompress.,"Жок. Аны таштай бер. Бул чынында эле оор жумуш. Физикалык да, эмоционалдык да чарчатат. Сен ысык тамак жана эс алуунун бир-эки саатына татыктуусуң.",anger,,
ed4dyci,She doesn’t want me to pay. She also doesn’t want me to have any input.,Ал мен төлөшүмдү каалабайт. Менин пикиримди да каалабайт.,anger,,
edtvmq5,Heaven forbid you do some actual research.,"Кудай сактасын, чыныгы изилдөө жасап коёсуңбу.",anger,,
eehujyb,[NAME] fucking practice and watch some tutorials before fucking up a $100 bottle of French champagne,"[АТ], $100 турган француз шампанын бузуп алганча, алгач машык да туториалдарды кар.",anger,,
edj2r1y,Oh look another shit call,"О, карачы, дагы бир сасык чечим.",anger,,
efczj1u,Women don't have penises so cannot rape by the legal definition of the word. They can sexually assault however.,"Аялдарда жыныс мүчөсү жок, ошондуктан мыйзамдын аныктамасы боюнча зордуктай алышпайт. Бирок сексуалдык зомбулук жасай алышат.",anger,,
eddva85,People requesting asylum are not illegal immigrants so that argument is bull shit. Get informed by an actual news source please,"Баш калкалоо сурагандар мыйзамсыз мигранттар эмес, ошондуктан бул далил — чачмалык. Чыныгы жаңылык булагынан маалымат алсаңызчы.",anger,,
edkkw4s,"Well, supposedly [NAME] wrote TPM in only a couple days, and people hated it.","Ооба, [АТ] TPM-ды бир нече күндө жазган дешет, ал эми адамдар аны жек көрүшкөн.",anger,,
eds5i5x,Not looking for anything serious ≠ rejection,Олуттуу нерсе издебөө ≠ баш тартуу,anger,,
eeeod2e,Nah man I prefer endless cause of the part where he goes WOMWOMWOMWOMWOMWOM WOOOOOO REEEEEEEEE like that's lyrical genius right there,"Жок досум, мен endless-ти жакшы көрөм, анткени ал ВОМВОМВОМВОМВОМ ВУУУУ РИЙИИИ деп кирген жери бар — мына бул чыныгы лирикалык гений",anger,,
edwz3b6,>if your car is so great why do you have to fill it with petrol all the time This is how stupid you sound,">эгер сенин машинаң ушунчалык жакшы болсо, эмнеге дайыма бензин куюп турасың Мына сен ушундай акмакча угулусуң",anger,,
edbwmhc,I still think we didn't give the guy a fair shot to coach.,"Мен дагы эле ойлойм, биз ага машыктыруучу катары адилеттүү мүмкүнчүлүк берген жокпуз.",anger,,
ed6zj4u,What in the fuck was [NAME] doing there,"[АТ] ал жерде эмне кылып жүргөн болду эле, жын урган",anger,,
eczmz2i,"They never will until it affects them directly, and by then it's already in the end game for us :/","Алар эч качан ойлонушпайт, аларга түз таасир этмейинче, ошондо бизге үчүн бардыгы бүтүп калган болот :/",anger,,
eeuegqi,"Say thos: mom, dad, she's busted. Respect my wishes!","Мыны айт: апа, ата, ал кара жуткан. Менин каалоомду урматта!",anger,,
ee3ebkv,We are going with Godsey. This team is so dumb.,Биз Годси менен жүрөбүз. Бул команда абдан акмак.,anger,,
ef2bj7q,Its to bad he doesn’t give Tomlin this treatment.,"Өкүнүчтүүсү, ал Томлинге мындай мамиле жасабайт.",anger,,
edyvtuf,Especially that “Australia ain’t gonna cop it” ad on TV god I hate [NAME],"Айрыкча телевизордогу ""Австралия муну кабыл алмак эмес"" деген жарнама — кудай ай, мен [АТ]ты жек көрөм",anger,,
eehax4j,It's nothing on you. I just hate the idea from a justice standpoint. I strive for fairness as much as I'm able.,Бул сенин жөнүндө эмес. Мен жөн гана адилеттик жагынан бул идеяны жек көрөм. Мүмкүн болушунча адилеттүүлүккө умтулам.,anger,,
eewiqv8,this is so niche but i still felt that shit in my bones,"бул абдан тар тема, бирок мен буну сөөккө чейин сездим",anger,,
ee8fgq1,We got nowhere with that because you only drop one-liners and refuse to actually engage.,"Биз эч жерге жете алган жокпуз, анткени сен бир гана кыска жооптор таштап, чын эле талкуулоодон баш тартасың.",anger,,
ee3k6pg,No way!? Ugh this just sounds painful,"Жок деле!? Уф, бул жөн гана оорулуу угулат",anger,,
efgohdx,I hated doing group work. Unless groups were assigned I always went by myself.,"Мен топтук жумуш жасоону жек көрдүм. Топтор берилмесе, дайыма жалгыз иштедим.",anger,,
ee5mrte,Terrible... children are innocent and precious. This is so barbaric.,Коркунучтуу... балдар айыпсыз жана кымбат. Бул абдан варварлык.,anger,,
edhifty,"The amount of actual debating about who is ""best girl"" is fucking ridiculous Jeez, y'all need to chill","""Эң жакшы кыз"" ким экени жөнүндө чыныгы талаш-тартыштардын саны такыр күлкүлүү. Кудай ай, баарыңар тынчып алыңар",anger,,
edd5oy9,"Might get hate for this but I'm reeeeaaaaaally not a fan of [NAME]. I don't know why, but I just don't LIKE her","Буга жек көрүшөт деп билем, бирок [АТ]ды ооооочень жакшы көрбөйм. Эмне үчүн экенин өзүм да билбейм, жөн гана ЖАКПАЙТ",anger,,
ee3wl0q,Not a chance on this,Болбойт эч,anger,,
eestktk,I regret my psycho ex. Does that mean I was raped? Or do the rules not apply because I'm a man?,Психо эксиме өкүнөм. Бул мен зордуктатканым дегенби? Же эркек болгондуктан эрежелер мага жүрбөйбү?,anger,,
edxs6xh,Still can’t blame him.... we’ve all been there,Аны айыптай алмак эмесмин.... биз баарыбыз ошондой болгонбуз,anger,,
edacx7n,"Yeah, people die in civil wars. Stop.acting like the [NAME] are just killing [NAME] while spouting made up numbers","Ооба, граждандык согушта адамдар өлөт. Жасалма сандарды айтып [АТ] [АТ]ды гана өлтүрүп жатат деп ойлобо",anger,,
edn2f47,What the heck? $3 a month for 30 texts? That's ridiculous.,Эмне?! Айына $3 га 30 SMS? Бул жөн эле абсурд.,anger,,
ed9zrnh,Look I don’t mean to be rude but w,Кыжырдануу ниетим жок бирок б,anger,,
ef874dy,I don’t think so honestly. He’s said I’m cute before last night. It wasn’t the first time.,Ошондой болот деп ойлобойм чынын айтсам. Кечээ кечеге чейин мени сулуусуң деп айтып келди. Биринчи жолу эмес.,anger,,
eez1ed7,"You know what’s ignorant? People who spend their free time making themselves look like a belligerent, disputatious assholes. Find something better to do. ","Эмне надандык экенин билесиңби? Бош убактыларын жоодурап, талашкан *** болуп көрүнүүгө жумшагандар. Башка иш тапкыла.",anger,,
eejni15,Who gives a shit. Stay in your fucking car.,Кимге керек. Машинеңде отур.,anger,,
edc1r3d,You can't be serious,Сен ойноп жатасыңбы?!,anger,,
edmhlr3,1 Corinthians 13 😅 I am lazy so i won't write it down sry,"1 Коринфийликтерге 13 😅 Жалкоомун, жазбайм, кечирип кой",anger,,
edjq2rs,I refuse to accept that,Мен буга эч качан макул болбойм,anger,,
ee7vt3h,Kill it with fire.,Отко өрттөп жибер.,anger,,
ee3wcxe,"And there you have it, the left who argue with personal attacks and cnn buzzwords.","Ана, ошол солчулдар — жеке чабуулдар жана CNN жаргондору менен талашышат.",anger,,
edh2epm,Wait that... that doesn’t happen,Күт... ал болбойт эле,anger,,
ef8duv6,"Short answer, fuck no, don't ever fall for it. Don't make the same mistake Canada has.","Кыскача: жок дейм, эч качан алданба. Канада жасаган каталыкты кайталабагыла.",anger,,
edrn7cs,I came here for this. You and your fancy teeth filled with toxic PFAS can bite me!,Мен дал ушул үчүн келдим. Сен жана PFAS уусу менен толгон жалтыраган тиштериң мени тиштей бериңер!,anger,,
eev42ak,groceries are getting crazy expensive,Азык-түлүк жиндидей кымбаттап баратат,anger,,
eevyzvq,"I provoked by breathing too hard. And yes, I hate that. ","Өтө катуу дем алып провокация жасаптырмын. Ооба, мен муну жек көрөм.",anger,,
ef4rtbb,It's been a while since I watched anything from WWE and new [NAME] looks like the homeless version of old Lince Dorado.,"Мен WWE көргөнүмө бир топ убакыт болду, жаңы [АТ] эски Линсе Дорадонун бездомный версиясына окшош.",anger,,
ee0sbm3,[NAME] is actually a terrible player,[АТ] чынында эле жаман оюнчу.,anger,,
edqnqfk,“Start caring about Reddit downvotes” has to be the weirdest life advice I’ve received in years.,"""Reddit downvote'торго кам кыл"" деген — мен жылдар бою уккан эң кызык жашоо кеңеши болуп чыкты.",anger,,
edzdvny,She's a pro-Assad piece of shit.,Ал Асадды жактаган бок экен.,anger,,
ef0xcg0,I would not recommend contacting her. That would probably creep her out.,Аны менен байланышпоону сунуштайм. Ал аны кыйла коркутуп жибериши мүмкүн.,anger,,
edixi8z,> I can't see a teenage girl naming her only son the same name that her baby daddy's actual wife's trueborn son is. /r/brandnewsentence,> Жаш кызча өзүнүн жалгыз уулуна baby daddy'синин чыныгы аялынын мыйзамдуу уулунун атын коет деп элестете албайм. /r/brandnewsentence,anger,,
eda1tvp,Who cares honestly.,"Кимге кереги бар болсун, чынын айтканда.",anger,,
edbjbr8,It wasn’t significant.,Маанилүү эмес эле.,anger,,
edxn9h8,"[NAME], I've told you already. ""Muy gorda chica"" does not mean ""very pretty girl"" ","[АТ], мен сага буга чейин айттым. ""Muy gorda chica"" ""абдан сулуу кыз"" дегенди билдирбейт.",anger,,
eeygcbg,As The Pot Bro's always say. When the Cops ask you questions. Shut the fuck up.,Pot Bro'лор дайыма айтканындай. Полиция суроо берсе. Оозуңарды жабыңар.,anger,,
ed57yo4,"Service Ontario isn't a ministry, and I don't believe you're close friends with the heads of two ministries at all. ","Service Ontario министрлик эмес, сен эки министрликтин башчылары менен чоң дос экениңе такыр ишенбейм.",anger,,
ee5spsi,my god quit getting blocked,"кудай-ай, блокко түшүүнү токтотчу эми",anger,,
eetbxhz,I'd say the pecans is the biggest mistake,"менин оюмча, пекан — эң чоң ката",anger,,
eez9qla,"It says new, but I feel like they should call it 'used.'","Жаңы деп жазат, бирок ""колдонулган"" деп атаса туура болмок го.",anger,,
edkmnyr,Worse than selling your soule,Жаныңды сатуудан да жаман,anger,,
eeohv3v,so abused...,ушунчалык кордолгон...,anger,,
eejl20y,"I don't, I think this is great. The more they disbelieve media, the more it hurts them.","Мен андай деп ойлобойм, бул жакшы деп эсептейм. Алар медиага канчалык ишенбесе, өздөрүнө ошончолук зыян.",anger,,
eeboyto,That IS crazy!,Бул ЧЫН ЭЛЕ акылдан адашкандык!,anger,,
ef26n7q,"Oy vey, [NAME] 🗑 is gonna be *pissed*!!!","Ой вей, [АТ] 🗑 *ачуусу* чыгат!!!",anger,,
eenn9ut,I just say I don't know shit. I'm just a ape man on a rock.,Мен жөн эле эч нерсе билбейм дейм. Мен бир таштын үстүндөгү маймыл адаммын.,anger,,
edzl898,Now you move onto personal insults. Well done O king of the waffles. Once again using a word (nuance) with no context. Bored now.,"Эми жеке сөгүштөргө өттүңбү. Браво, вафли падышасы. Дагы бир жолу контекссиз сөз (нюанс) колдонуп. Жалыктым.",anger,,
ee307gp," I don’t give a F F the haters F all the haters Much love, no hate Machines within, machines within","Менде кам жок F хейтерлерге F бардык хейтерлерге Сүйүү көп, жек көрүү жок Машиналар ичинде, машиналар ичинде",anger,,
edkw70m,Quit being a crybaby. If this how you handle any criticism then it's no wonder you're alone and will be for quite some time,"Жылаңкычтыкты токтот. Сынды ушинтип кабыл алсаң, жалгыз экениңе таң калбайм, дагы узак убакыт ошондой боло бересиң.",anger,,
effsj1p,"There has to be some repercussions for this judge, right? Considering the crimes, that bail seems incredibly low...","Бул судья үчүн кандайдыр жаза болушу керек го? Кылмыштарды эске алганда, ол кепилдик акча өтө эле аз сезилет...",anger,,
ed6alk2,"I know you're annoyed, but can this sub not be a place to post screenshots of poor opinions from the other sub? It's getting overwhelming.","Нааразы экениңди түшүнөм, бирок бул саб башка сабдан жаман пикирлердин скриншотторун жайгаштырууга орун болбосун? Кудум ашыкча болуп баратат.",anger,,
ed2xinj,i cant i have asthma,жасай албайм астмам бар,anger,,
ef95a16,It seems you've never played HotS.,HotS'ту эч качан ойноогон жок окшойсуң.,anger,,
edr3p2l,Put that back where it came from or so help me...,"Аны кайдан алган болсоң, ошол жерге кайтарып кой, болбосо...",anger,,
eerxpnr,we just don’t match amazon at all to avoid this sort of thing.,Биз мындай нерселерден качуу үчүн Amazon менен такыр дал келбейбиз.,anger,,
ee8jmqf,Can you freak bitchhhhh,Сен жынды к***чсиңбееее,anger,,
edg96mx,Your opinion doesn’t matter enough to me to trigger me :),Сенин пикириң мени ачуулантышка жетиштүү маанилүү эмес :),anger,,
ee6qjww,I dont think they were angry att them self. Its allways the kids fault./s,Алар өздөрүнө ачуулана алышкан деп ойлобойм. Дайыма балдардын күнөөсү./s,anger,,
ef2xn2j,*snerk* People like this kill me. Idiots.,*снерк* Мындай адамдар мени өлтүрөт. Ийдиоттор.,anger,,
edoudxd,The one fucking thing my home town has contributed besides alcoholics and [NAME] and its a fucking backwards feminist horseshit theory.,Менин туулган калаам ичкиликчилерден жана [АТ]дан башка берген жалгыз лаанет нерсе — бул лаанет тескери феминисттик чачпакай теория.,anger,,
ee75qyl,£10 for copy pasting a wall of text from /r/gamerghazi? Why would I want to do that.,/r/gamerghazi'ден текст дубалын көчүрүп-чаптоо үчүн £10 беришет? Эмне үчүн мен аны кылгым келсин.,anger,,
efcqelt,UNCLE RADITZ IS PISSED!!!,БАЙКЕ РАДИЦ АЧУУЛАНУУДA!!!,anger,,
ee72h73,"And the guy getting out of the front car acting like the car doesn’t know he’s trying to back up, unbelievable ",Жана алдыңкы машинеден чыккан жигит машине анын артка сүрүлүп жатканын билбейт деп ойлогондой жүрөт — ишенгис!,anger,,
eetpujx,ONLY FUCKING MERRILL WOULD MISS THAT,ОШО ЖЕРДИ ПАК МЕРРИЛЛ ГАНА ЖАЗА АЛМАК,anger,,
ef91h14,"Yeah, but geology doesn’t provide enough pumped hydro. Not enough places to do it.","Ооба, бирок геология жетиштүү суу электр станцияларын камсыздай албайт. Аны кылуу үчүн жетиштүү жер жок.",anger,,
ef4jqg0,Download it again.,Кайра жүктөп ал.,anger,,
eejq2ar,"I guess your ex-fiance was different huh? That's really interesting. I've never had a fiance before, personally","Менимче сенин мурунку күйөөлүгүң башкачараак болгондур, а? Чынында кызыктуу. Мен жеке өзүм болсом, эч качан күйөөлүккө чыккан эмесмин.",anger,,
edzwl2r,Please explain how this is stupid,"Түшүндүрчү, бул кантип акылсыздык болот",anger,,
ef9qhgn,This is not r/lostredditors material if we just try to find something stupid on it.,"Эгер биз жөн гана андан акылсыз нерсе издесек, бул r/lostredditors материалы эмес.",anger,,
edzhlu9,"Maybe you’re just extremely boring and bland, and outright refuse to learn to take photos that don’t suck. ","Балким сен жөн эле өтө зерикчилик жана жансызсың, жана начар эмес сүрөт тартууну үйрөнүүдөн такыр баш тартасың.",anger,,
ee50y9s,Because they want to. Why do you act like a goddamn weirdo about stuff like this?,Анткени алар каалайт. Эмне үчүн мындай нерселерде жини куурулган адамдай алып жүрөсүң?,anger,,
edptqo7,I had so many bad Supercuts haircuts that I cringe when I look at the place and go to a fancy schmancy salon exclusively.,"Мен Supercuts'тан ошончо начар чач алдым, ошол жерге карасам жийиркеним келет, эми болсо жалаң гана шыктуу салондорго барам.",anger,,
ed4kmp8,Fight me coward! I will never ne frego!,"Урушалы, коркок! Мен эч качан ne frego болбойм!",anger,,
eekm522,Wait. That’s illegal.,Күт. Бул мыйзамсыз.,anger,,
ee9u7bz,LETS FUCKING GOOOOO,ЖҮРӨБҮЗДӨН БЛЯТЬЬЬЬЬЬ,anger,,
edpc3ur,and of course if that happens then there's no way it could be true. as if a protester could also be a paedophile.........,"жана албетте эгер ошондой болсо, анда бул чындык болушу мүмкүн эмес. митингчи педофил да болушу мүмкүн деп кимге айтасың.........",anger,,
ef5vbm2,He has a prog rock album.. its horrific,Анын прог рок альбому бар.. бул коркунучтуу,disgust,,
eec1z73,This is going to be a disaster,Бул кырсыкка айланат,disgust,,
efg2qtc,Everybody betrayed [NAME] [NAME]. I'm fed up with this world.,Бардыгы [АТ] [АТ]ды сатты. Бул дүйнөдөн жерип кеттим.,disgust,,
ef81g1e,I hate that. PC is way better for using the internet. I also hate how all the important features for the website missing on phone version.,Муну жек көрөм. Интернет үчүн ПК алда канча жакшы. Ошондой эле веб-сайттын маанилүү функцияларынын телефон версиясында жоктугун жек көрөм.,disgust,,
edi13x6,But it’s so hideous,Бирок бул абдан сөрөй,disgust,,
edg02o2,*Ugh..* You are 23 and not married - leave.,*Уф..* Сен 23дөсүң жана үйлөнгөн жоксуң — кет.,disgust,,
ed6l8a7,He must smell terrible when he sweats. That's honestly pretty gross.,Ал тердегенде жаман жытанса керек. Бул чынында эле жийиркеничтүү.,disgust,,
edxoel6,His hair looks fucking horrible 😂,Анын чачы жамандын жаманы 😂,disgust,,
ee8e6oc,This is nasty NSFW,Бул жийиркеничтүү NSFW,disgust,,
ef5d6ib,"It's a self-identifying group, and they have killed quite a bit of people in their crusade for revenge. It's both absolutely pathetic and absolutely terrifying.","Бул өзүн-өзү аныктаган топ, алар өч алуу крест жүрүшүндө бир топ адамдарды өлтүрүштү. Бул бир эле учурда абдан аянычтуу жана абдан коркунучтуу.",disgust,,
eevmp24,This is the worst take I have ever heard on cooking ever.,"Бул мен тамак-аш жөнүндө укканымдын эң жаман пикири, эч качан мындай болгон эмес.",disgust,,
ed7rzgo,just awful I'm gonna throw a barbeque to get back at them,"жөн эле сүрдүү, аларга кек алыш үчүн барбекю жасайм",disgust,,
eeaq1fr,"This is the worst meme format in the history of meme formats, maybe ever","Бул мем форматтарынын тарыхындагы эң жаман мем форматы, балким, эч качан мындай болгон эмес",disgust,,
effyjkz,"[NAME] is a terrible writer, a raging narcissist, and not an actual friend to anyone. ","[АТ] жаман жазуучу, каардуу нарцисс жана эч кимдин чыныгы досу эмес.",disgust,,
eewj9pp,You are retarded,Сен акмаксың,disgust,,
ed48eyg,Freedom? Not in New 2013 and it’s gotten a lot worse since,Эркиндик? New 2013те жок жана ошондон бери дагы начарлап кетти,disgust,,
efdjog4,"Not surprised, damn that sucks. Concussions are awful.","Таң калбайм, ай, бул жаман. Мээ чайкалуусу сүрдүү нерсе.",disgust,,
edj7qfc,Literally all of them have said and done MUCH worse than anything [NAME] has.,Алардын баары [АТ] кылганга/айтканга караганда АЛДА КАНЧА жаман нерселерди айтышты жана кылышты.,disgust,,
eeupzsu,"those pictures of [NAME] are real, he's on Crashing and the way he looked in the premiere was just awful.","[АТ]тын ал сүрөттөрү чыныгы, ал Crashing сериалында жана премьерадагы кыяпаты жөн эле жаман болчу.",disgust,,
ef3c7mp,"Dear [NAME], please help [NAME] be less disgusting. Amen.","Урматтуу [АТ], [АТ]га азыраак жийиркеничтүү болууга жардам бер. Аамин.",disgust,,
eet78m8,"If he hits you and constantly degrades you, it's abuse","Эгер ал сени урса жана дайыма кемситсе, бул зомбулук",disgust,,
eewcrmx,"Ugh, [NAME]. Gross. ","Тьфу, [АТ]. Жийиркеничтүү.",disgust,,
edpsii7,I'm ugly and able to bump uglies with someone I can make laugh. Mission accomplished.,"Мен сулуу эмесмин, бирок күлдүрө алган адам менен жатышым мүмкүн. Максат аткарылды.",disgust,,
ed5d5c3,"Such a shame. Her butt was pert, cute and perfect in her Vogue days. Yes, I am showing my age.","Абдан өкүнүчтүү. Vogue доорунда анын жамбашы бекем, таттуу жана кемчиликсиз болчу. Ооба, жашым байкалып калды.",disgust,,
ed9sskp,It doesn’t surprise me given that this is the kind of establishment where staff rape the coma patients.,"Бул мени таң калтырбайт, анткени бул — кызматкерлери комадагы бейтаптарды зордуктаган мекеме.",disgust,,
ee9vw9t,That is odd.,Бул кызыктай.,disgust,,
eeanz9f,>it tasted horrible to use. Eating some of that right now. No regrets.,>колдонуу үчүн даамы жаман экен. Азыр ошондон жеп жатам. Өкүнбөйм.,disgust,,
eddplp2,"Bohemian Rhapsody is a horrible song. Really horrible. Queen had a lot of great songs, but that one wasn't one of them.","Bohemian Rhapsody — жаман ыр. Чындап эле жаман. Queenдин көптөгөн керемет ырлары болгон, бирок бул алардын катарына кирбейт.",disgust,,
edyjrx8,This sounds like the kind of comment my weird uncle would leave on my Facebook post.,Бул менин кызык таякемдин Facebook посттума калтыра турган комментарийине окшойт.,disgust,,
ee4upmi,"Yeah it was, it was awful, everyone got sick, I was sick for like a week after that event.","Ооба, ошондой болду, коркунучтуу болду, баары ооруп калды, мен ошол иш-чарадан кийин болжол менен бир жума ооруп жаттым.",disgust,,
efgmdmv,"the trajectory of that is really weird! But [NAME], that guys arm, hand, possibly head is not liking the next .01 second!","Анын траекториясы чындап кызык! Бирок [АТ], ал жигиттин колу, билеги, мүмкүн башы кийинки 0.01 секундду жактырбай жатат!",disgust,,
ee3lw19,"Gross. I hate using those reusable cloth ones because they retain smells. You've got cats? I know, I can smell them. ","Жийиркеничтүү. Мен ошол кайра колдонулуучу матадан жасалган чүпүрөктөрдү жек көрөм, анткени алар жытты сактайт. Мышыктарың барбы? Билем, жыттап жатам.",disgust,,
eecgjh1,"You’re right, republicans are worse because they have nukes.","Туура айтасың, республикачылар жаманыраак, анткени алардын ядролук куралдары бар.",disgust,,
eej845f,"it only flatters them when they’re posed a certain way. but other than that, it looks awful and uncomfortable","Ал аларга белгилүү бир позада турганда гана жарашат. Бирок башка учурда, ал коркунучтуу жана ыңгайсыз көрүнөт.",disgust,,
eczmsz3,"I'm saying [NAME] is the pretentious one, and that the original commenter's response to him is a perfect mockery of the asshole ","Мен [АТ] өзүмчүл деп айтам, жана баштапкы комментатордун ага жообу — ал шалаакыга эң сонун шылдың.",disgust,,
eecpfdu,This is the worst advice I've ever read. You should be ashamed for posting it.,Бул мен окуган эң жаман кеңеш. Муну жарыялаганыңа уялышың керек.,disgust,,
ed1rnfz,Weird flex but ok,"Кызык мактаныш, бирок жарайт",disgust,,
eeyngdh,"You can't be worse than [NAME], your hired!","[АТ]дан жаман боло алмаксың эмес, кабыл алындың!",disgust,,
eezdgug,"As bad as this sub was in the 1st quarter, our announcers were just as awful.","Бул команда биринчи чейректе канчалык начар болсо, биздин комментаторлор да ошончолук жаман болду.",disgust,,
ed5nhb9,The very worst possible route they could have gone.,Алар тандай алган эң жаман жол.,disgust,,
ee2w7cg,Benzos do not help anxiety long term. they make it worse,Бензиктер тынчсыздыкка узак мөөнөттө жардам бербейт. Алар аны андан бетер начарлатат.,disgust,,
eenojw1,"They understand alright, they just don't give a shit. Bunch of fucking scum.","Алар жакшы түшүнүшөт, жөн гана баары бир болуп жатат. Бир топ хер кылык ыплас жандар.",disgust,,
edp09hl,This is garbage. No. My garbage has more compositional worth than this. Hipster pepto bismol vomit looking trash.,Бул таштанды. Жок. Менин таштандымдын мындан композициялык баасы жогору. Хипстер пепто-бисмол кусуп алгандай сасык таштанды.,disgust,,
eevxyn5,Their numbers seem large because they get so much publicity. But I suspect that even most young people find that ludicrous.,"Алардын саны чоң сыяктанат, анткени жарнамага толтура чыгышат. Бирок менин ойумча, жаштардын өзү да муну абсурддуу деп табат.",disgust,,
ef7rzx7,This might be the worst FO in Orlando magic history,Бул балким Орландо Мэджиктин тарыхындагы эң начар Front Office болушу мүмкүн.,disgust,,
eegu2k6,I would of taken a shit in the woods real quick,Мен ошол замат токойго барып тез эле дааратымды кылып алмак элем.,disgust,,
edeyog7,[NAME] is always the dirtiest psychopath,[АТ] ар дайым эң ыплас психопат.,disgust,,
eedd6bm,"Not out of a trash can though, surely? That'd be disgusting.","Бирок таштандычтан алган эмес да, чынында? Бул болсо жийиркеничтүү болот.",disgust,,
edusuax,"Like the poor redhead in True Blood that got vampired as a virgin, but worse.","True Bloodдагы вампирге айланып калган бечара кызыл чачтуу кыздай, бирок андан да жаман.",disgust,,
ee8to3i,"Got boarded, ejected, and ship damaged... very poor tactic.","Абордаж жасалды, сыртка чыгарылды, кеме зыян алды... өтө начар тактика.",disgust,,
eezw0wp,Right?? It makes no sense she’s horrible,"Туура эмеспи?? Эч мааниси жок, ал жаман адам",disgust,,
eeqg19m,This is a weird thing to be concerned about.,Бул тууралуу тынчсызданып жатуу кандайдыр бир кызык нерсе.,disgust,,
edkif0l,That looks like total garbage.,Бул таптакыр таштандыга окшойт.,disgust,,
ee2tkqb,I can’t believe you’re comparing drug use to interracial marriage. Racists like you disgust me.,"Мен ишене албайм, сен наркотиктерди колдонууну нәсилдерара никяга салыштырып жатасың. Сен сыяктуу расисттер мени жийиркентет.",disgust,,
ef8misu,"thats the future right there, robots trying to help but destroying your whole home in the process. ","міне болочок ушул, роботтор жардам берүүгө аракет кылышат, бирок үйүңдү бүт кыйратышат.",disgust,,
edx70vs,I woke up drunk and mouthy,Маст жана тилим узун болуп ойгондум,disgust,,
eeuxdbg,The main reason I left is a hidden mmr used to influence matchmaking in a mode that requires a paid entry. That's disgusting,Чыгып кетүүмдүн негизги себеби — акы төлөнүүчү режимде матчтарды жасоо үчүн жашыруун MMR колдонуу. Бул жийиркеничтүү.,disgust,,
eeie4p4,"Only when they have dirt underneath them, now that’s disgusting.","Алардын астында кир болгондо гана, мына ошол жийиркеничтүү.",disgust,,
ef96373,It seemed weird to me as well. It's just 10mcg of cyanocobalamin with some fillers like corn starch and celulose.,Мага да кызык сезилди. Бул жүгөрү крахмалы жана целлюлоза сыяктуу толтуруучулары бар жөн гана 10 мкг цианокобаламин.,disgust,,
eeyg6l2,A derogatory term.,Кемсинтүүчү термин.,disgust,,
efaw6hi,That looks disgusting.,Бул жийиркеничтүү көрүнөт.,disgust,,
edkua6b,What's worse is using self destruct without the pilot DLC. You just die :(,Андан да жаманы — пилот DLC жок эле өз-өзүңдү жок кылуу мүмкүнчүлүгүн колдонуу. Жөн гана өлүп каласың :(,disgust,,
efb6i6p,"We’re used to crazy cold weather but this is much worse, a lot of people are just staying inside till Thursday.","Биз катуу суукка үйрөнгөнбүз, бирок бул андан да жаман, көп адамдар бейшембиге чейин үйдөн чыкпай отурушат.",disgust,,
edhcrx9,Makes me want to go shit on the doorstep of 540 Hampshire Street (Good2go HQ),540 Hampshire Street (Good2go штаб-квартирасы) дарегинин босогосуна барып борумду таштагым келет.,disgust,,
edttp1i,"Once again if you base your worth/purpose on some base primal act, you're pathetic","Дагы бир жолу айтам: эгер өзүңдүн баалуулугуңду/максатыңды кандайдыр бир примитивдүү аракетке негиздесең, сен начарсың.",disgust,,
edic68v,Oh [NAME] how awful,"Оо [АТ], канчалык жаман.",disgust,,
ee72v7p,This made me spill my drink.,Мен ичимдигимди төгүп жибердим.,disgust,,
eeq1s35,The irony that most of these disgusting things wouldn’t have made it through the winter without vaccines,Ирония мында: бул жийиркеничтүү нерселердин көпчүлүгү вакцинасыз кышты аман өткөрө алмак эмес болчу.,disgust,,
edqssue,There is nothing more disgusting than those who put children in danger unless it is the people who allow them to do more harm.,"Балдарды коркунучка салгандардан жийиркеничтүүрөөк эч нерсе жок, бирок аларга зыян келтирүүгө жол бергендер андан да жаман.",disgust,,
ee3e23v,"The menzingers are sick, good luck out there bud","Menzingers — зор, ийгилик болсун, дос.",disgust,,
ef64yhq,Stop being disgusting. I dont know if you know this but all dogs are naked.,Жийиркеничтүү болуунду токтот. Билесиңби же жокпу — бардык иттер жылаңач болот.,disgust,,
eeamz4s,"I will say that her housing bill left a very bad taste in my mouth, and this is coming from someone with a very high opinion of [NAME].","Анын турак жай мыйзамы оозумда абдан жаман даам калтырды дейм, мен [АТ] жөнүндө абдан жогорку пикирде болгон адам катары айтып жатам.",disgust,,
ee68pvx,what a shame that online sellers have made malls obsolete,онлайн сатуучулар соодалык борборлорду эскиртип ийгени кандай уят,disgust,,
eekmvcz,Worst case scenario here is he dodged a psychopathic bullet.,"Эң жаман болсо да, ал психопаттык октон аман кутулду.",disgust,,
edbj8al,This is why I clean my belly button every day. That’s disgusting,Ушул себептен кинден күн сайын тазалайм. Жийиркеничтүү бул,disgust,,
ed4vtot,Looks like he has a history of being an awful human:,"Окшойт, ал мурунтан эле жаман адам болуп келет:",disgust,,
edi7nx2,Definitely fake. Looks like bad CGI in a movie.,Так жасалма. Кинодогу начар CGI сыяктуу көрүнөт.,disgust,,
edagodv,It's the top comment. How weird.,Бул эң жогору турган комментарий. Кандай кызык.,disgust,,
edxelsy,There must be some awful things happening right at this second,Ушул учурда эле жаман нерселер болуп жатса керек,disgust,,
eeye1pi,"That's awful. I'm glad [NAME] doing better, but he might have serious trust issues for life. ","Бул жаман. [АТ] жакшыраак болуп жатканына кубанам, бирок ал өмүр бою ишенимге байланыштуу олуттуу масelelерге туш болушу мүмкүн.",disgust,,
ed6yb66,The scorpion one on the swing set looked so bad. I think I heard her back break/crack.,Силкинектеги чаян позасы абдан жаман көрүндү. Анын белинин сынган/кычыраган үнүн уктум окшойт.,disgust,,
eez91pn,Aghh bacon is actually the worst. The smell of it is soo disgusting you can smell the dirtiness,"Аах, бэкон чындап эле эң жаманы. Анын жыты ушунчалык жийиркеничтүү, кирдиги жыттанып турат.",disgust,,
edldizp,tobaccy is nasty,Тамеки жийиркеничтүү.,disgust,,
edem489,"[NAME] fucking [NAME] are you done yet racist motherfucker, you’re not helping society","[АТ] карагай [АТ] бүттүңбү, расист намыссыз, сен коомго эч пайдаң жок.",disgust,,
ee0h512,Is it weird that I was practically drooling while watching this,Муну көрүп жатып оозумдан суу аккан странныйбы.,disgust,,
eehfrzj,The whole post reeks of troll.,Бул посттун баары тролльдон жыттанат.,disgust,,
ef1hore,It’s ugly. Bye bye and good riddance.,Жаман. Кош бол жана жакшы кутулдук.,disgust,,
eeaf599,"Roast you? The fires of Mount Doom already did that for you, you [NAME] looking ass. ","Сени роастаймынбы? Мордордун өрттөрү аны сен үчүн буга чейин эле жасады, [АТ]га окшогон.",disgust,,
edzrrh0,His music is bad starting with that yeezus album,"Анын музыкасы жаман, Yeezus альбомунан баштап эле.",disgust,,
eephafc,"Wow your sister is in abusive relationship, cool. ","Вау, сенин эжең зордук-зомбулук мамилесинде экен, аябай жакшы.",disgust,,
edz38a0,"*She. This was posted by a woman, apparently. Its just as disgusting either way though.","*Ал аял. Муну аял жазган окшойт. Кандай болсо да, жийиркеничтүү экен.",disgust,,
edrv95f,That is beyond disgusting.,Бул жийиркеничтүүлүктүн чегинен ашып кетти.,disgust,,
ee9360m,Those are some pissed off lookin Nucks,Ошол Накстар чындап эле ачуулуу көрүнөт,disgust,,
ef0vd27,"Just gonna be mean here, those are all hideous :(","Мында ачык айтайын, булардын баары жаман көрүнөт :(",disgust,,
ee1jcwb,oh [NAME] this is horrible,оо [АТ] бул коркунучтуу,disgust,,
effm7t4,How disgusting. Those vile people can burn in hell!,Кандай жийиркеничтүү. Ошол ырайымсыз адамдар тозокто күйүп кетсин!,disgust,,
ef3tpw4,Some graffiti can turn that really bad,Кээ бир граффити муну чындап эле начарлатып жиберет,disgust,,
edrruee,What a load of crap !!,Кандай бош сөз!!,disgust,,
ed2y5m9,"This picture is a prime example that [NAME] are intolerant douchebags who will always demonize wealth, fame, and entertainment.","Бул сүрөт [АТ] дин байлыкты, атакты жана көңүл ачууну дайыма шайтандаштыра турган чыдамсыз наадандар экенин даана далилдейт.",disgust,,
edlpmui,That was the worst power play I’ve ever seen,Бул мен эч качан көрбөгөн эң начар пауэр-плей болду.,disgust,,
edakchj,I think it it would have been even worse if that was the case,"Менимче, эгер ошондой болгон болсо, андан да жаман болмок",disgust,,
eddsi18,"“WTF, He helped me? ...I’ll eat him last :)”","""Эмне болуп кетти, ал мага жардам бердиби? ...Аны эң акырында жейм :)""",disgust,,
ee9no6c,Oh there's still bugs? Weird,"О, дагы деле каталар барбы? Кызыгы бар",disgust,,
edmbbtn,A new mattress if you can swing it. Company provided mattresses are typically pretty garbage.,"Мүмкүнчүлүгүң болсо, жаңы матрац ал. Компания берген матрацтар адатта абдан жаман болот.",disgust,,
ed85eg7,That explains an awful lot about ICP.,Бул ICP жөнүндө абдан көп нерсени түшүндүрөт.,disgust,,
ed8u8zc,Did I say he was a scammer? I said he's disgusting and there's nothing endearing about him at all. Not surprised this subreddit is defending him,Мен аны алдамчы дедимби? Аны жийиркеничтүү дедим жана анда сүйкүмдүү эч нерсе жок. Бул сабреддит аны коргогону таң калтырбайт.,disgust,,
ef16n1b,If she is an INFJ they can be quite caustic and verbally abusive at times.,"Эгер ал INFJ болсо, алар кээде абдан өткүр жана сөз менен кордоп кетиши мүмкүн.",disgust,,
ef64n55,You are so ugly even tears wont show up near you,"Сен ошончолук сөзсүзсүң, жаштарың да сенден качат",disgust,,
ef7uv8t,So THIS is the Bad Place!,Демек БУЛ Жаман Жер тура!,disgust,,
edsfmin,Shameless karma whoring.,Уятсыз карма жыюу.,disgust,,
ef57u8z,These were one of the worst commentators I have ever been forced to listen to. The jokes were so cringe-worthy.,Булар мен укууга аргасыз болгон эң жаман комментаторлордон болду. Анекдоттары ушунчалык уятсыз эле.,disgust,,
eejam6j,"This episode also had the segment where a paralized [NAME] communicates by farting. So, yes it is the worst. Lisa Goes Gaga is a close second.","Бул эпизодто дагы шал [АТ] атарылып баарлашкан сцена болду. Ошентип, ооба, бул эң жаманы. Lisa Goes Gaga экинчи орундан жакын.",disgust,,
ed9bbey,Tkachuk - Pageau - Stone is going to be our second line. Absolutely filthy.,Ткачук - Пажо - Стоун биздин экинчи звенобуз болот. Абдан клас.,disgust,,
edhuuot,"The foul, smelly dump I just took > fallout 76","Жаңы жасаган жийиркеничтүү, жыттуу какым > fallout 76",disgust,,
ee0bgdu,"At the time, pregnancy out of wedlock was a stoning for having extra marital sex. ",Ал учурда никесиз кош бойлуулук — зина үчүн ташка чабуу дегенди билдирчү.,disgust,,
edygw07,You're an awful human being.,Сен жаман адамсың.,disgust,,
eeit17q,I was skeptical about it being huge but damn..,"Ушунчалык чоң болот деп ишенбей элем, бирок кудай-ай..",disgust,,
edm6zip,yikes i thought it was just a joke transformer [NAME],вай мен муну жөн эле мазак деп ойлодум трансформер [АТ],disgust,,
ef3j6pn,[NAME] they need a union so badly.,[АТ] аларга кесипкөй биримдик абдан керек.,disgust,,
ed18xer,Well one of them is a dirty kimono wearing weirdo,Алардын бири — кир кимоно кийген жиндинин бири.,disgust,,
ee3bafn,"Oh so you're being a troll, good to know.. I actually thought for a second that disgusting, freak couples like y'all actually existed","Оо, демек сен тролль болуп жатасың, жакшы болду.. Мен бир секундага силердей жийиркеничтүү, фрик жуптар чындап бар деп ойлодум",disgust,,
ee9d3z8,[NAME] these things were terrible. i presume they still are. #teamlemoncreams,[АТ] бул нерселер сасык болчу. Азыр дагы ошондой деп ойлойм. #teamlemoncreams,disgust,,
edfpq5y,Out of all the seasons I definitely feel the worst for her,Бардык сезондордун ичинен анын үчүн эң катуу кейийм,disgust,,
eeou6h5,That’s beyond disgusting in every way.,Бул бардык жагынан жийиркеничтүүлүктөн да ашып кетти.,disgust,,
ef9arms,An attractive woman falling down and exposing her butt. It's weird that he'd go so 0 to 60 on such a thing.,"Сулуу кыз жыгылып, артын ачып койду. Ал мындай нерсеге ушунчалык тез ызаланганы кызык.",disgust,,
eds4we5,You give me too much credit... That comment is as trash as the meme,Сен мени өтө жогору баалайсың... Ол комментарий мем сыяктуу эле таштандыча,disgust,,
ed0hg0n,Yikes. She sounds like she's one bad grade away from shooting up a synagogue.,"Вай. Ал бир начар баага жетсе, синагогага кол салчудай угулат.",disgust,,
ed5f1q6,oh thats nasty!,"Оо, жийиркеничтүү экен!",disgust,,
edt038n,The Tommy Gun as a crate weapon! Just the worst feeling.,Tommy Gun сандык курал катары! Эң жаман сезим.,disgust,,
efgu983,Hulu is awful for this. The volume on their commercials is deafening.,Hulu бул жагынан өтө жаман. Алардын жарнамаларынын үнү дымак жаратат.,disgust,,
ed1ph6f,There’s a weird [NAME] version of this where the person falls and finds [NAME],"Мунун бир кызык [АТ] версиясы бар, анда адам жыгылып [АТ] тапкан",disgust,,
eeng9p9,"True, but it all started under [NAME] and will get even worse if Labour manages to get into government. ","Туура, бирок баары [АТ] учурунда башталды жана Лейбор бийликке кире алса дагы жаманыраак болот.",disgust,,
ed12jnn,It’s disgusting,Жийиркеничтүү,disgust,,
edv2dgs,Perfect example of the disgusting misuse of ‘Orwellian’ on this website,"Бул сайтта ""Оруэллдик"" деген сөздү жийиркеничтүү кыянаттык менен колдонуунун эң сонун мисалы",disgust,,
ee3tcaq,FYI your boyfriends fucking her too.,"Айтып коёюн, сенин жигитиң да аны менен жатат.",disgust,,
ee3hzg1,Who is your least hated and absolute worst? (Outfit based only),Эң аз жек көрөрүң жана эң жаманы ким? (Кийим боюнча гана),disgust,,
eeruwjf,That's quite a lot worse tbh,"Чынын айтсам, бул алда канча жаман",disgust,,
eekfunt,Being a [NAME] is no different from being a [NAME]. Both have caused genocides. I hate how our society only focuses on one though!,[АТ] болуу [АТ] болуудан эч айырмасы жок. Экөө тең геноцид жасашкан. Коомубуз бирөөнө гана топтолгонун жек көрөм!,disgust,,
ed9vovm,That and he’s sneaky dirty,Ошого кошумча ал жашыруун арам,disgust,,
edh888r,I swear these people would try to sell shoes to someone without feet.,"Ант урайын, бул адамдар буту жок кишиге бут кийим сатууга аракет кылышат.",disgust,,
efem13i,Worst deal on the leafs right now easily,"Азыр Leafs командасындагы эң начар бүтүм, сөзсүз",disgust,,
eepsm4t,You're gross,Сен жийиркеничтүүсүң,disgust,,
ed6mamx,Omg this is repulsive,"Оо кудай-ай, бул жийиркеничтүү",disgust,,
edmdm4w,What was the original post? If it was as awful as this one my comment would still apply!,"Баштапкы пост эмне болгон? Эгер бул сыяктуу эле жаман болсо, менин комментарийим дагы эле актуалдуу болот!",disgust,,
edv7lh0,This game is actually worse than I was anticipating and I knew it was gonna be bad,"Бул оюн мен күткөндөн да начар болуп чыкты, мен анын начар болорун билчүмүн деле",disgust,,
ee9qepy,Because [NAME] was playing awful in the first two sets. Absolutely terrible.,Анткени [АТ] биринчи эки сетте абдан начар ойноду. Такыр жаман болду.,disgust,,
edcmflc,This is uncomfortably lame,Бул ыңгайсыздыктан жерге кирчүдөй кулк,disgust,,
ee5ncyq,Pepsi tastes better in the UK than Coke but US/Canada coke is pure diabetes and Pepsi is disgusting.,"Пепси Улуу Британияда Кокадан жакшыраак, бирок АКШ/Канада Кокасы таза диабет, ал эми Пепси жийиркеничтүү.",disgust,,
ef6uafd,"The dad is like ARE YOU FUCKING SORRY Jokes aside, good on the dad and the 2nd pissed off dude Tryin to make a change :-","Ата: КЕЧИРИМ СУРАНАСЫҢБЫ НААЛАТ деп айтып жатат. Тамашаны коё туруп, атаны жана экинчи ачуулуу жигитти мактоо керек, алар өзгөртүүгө аракет кылышат :-",disgust,,
ef3avhj,That is disgusting. No one should act like that to you. I'm so sorry that happened.,Бул жийиркеничтүү. Эч ким сага мындай кылбашы керек. Мунун болгонуна абдан кайгырам.,disgust,,
efev9va,I have the worst memory ever. Idk if it's from all the weed I smoked but I also have a blank mind like all the time.,"Менин эс тутумум эң жаман. Билбейм, чилим чеккенимден беле, бирок башым дайыма бош болуп турат.",disgust,,
edn7b3a,Yeah this whole thread is gross. Calling a little kid trashy or misogynistic or sexualized for liking to play dress up is just creepy and weird.,"Ооба, бул жип бүтүндөй жийиркеничтүү. Кийим кийип ойногону жакчу баланы жаман же жыныстандырылган деп айтуу — бул жөн эле коркунучтуу жана странный.",disgust,,
eeqvjpi,Opiates make me puke and so do babies. Where the science there? Babies are just nasty,"Опиаттар мени кустурат, балдар да ошондой. Муну илим менен кантип түшүндүрөсүң? Балдар жөн эле жийиркеничтүү.",disgust,,
edh3jat,"It's not something i'm proud of, but I definitely fucked up that day.","Буга сыймыктанбайм, бирок ошол күнү чындап эле чатакты кылдым.",disgust,,
ef6itkp,This joke is disgusting and offensive. Dictionaries don't contain proper nouns!,Бул тамаша жийиркеничтүү жана намысты кемситет. Сөздүктөрдө өздүк аттар болбойт!,disgust,,
eebf5f1,Sometimes people that are around each other a lot just get to be friends. Sometimes people ignore that their friends are actually terrible people.,Кээде бири-бири менен көп убакыт өткөргөн адамдар дос болуп калышат. Кээде адамдар достору чындыгында эч нерсеге жарабаган адамдар экенин байкабай коюшат.,disgust,,
ed7fena,If Ww3 breaks out in northern Asia as people expect. It will make things worse for you guys in the states - not better,"Эгер адамдар күткөндөй Түндүк Азияда 3-дүйнөлүк согуш башталса, бул Америкадагы силер үчүн жакшыраак эмес, тескерисинче, жаманыраак болот.",disgust,,
edho16r,You look like 1 of those ISIS fighters got shot in the head,Сен ISIS согушкерлеринин башына атылып кеткенине окшойсуң.,disgust,,
eerul6l,"Honestly, this would creep me out a bit.","Чынын айтсам, бул мени бираз коркутат.",disgust,,
ee62wjy,I’m a big Spider-Man fan and this looks terrible compared to Spider-verse and the PS4 game.,"Мен Spider-Man'дын чоң жактыруучусумун, бирок бул Spider-verse жана PS4 оюнуна салыштырганда коркунучтуу көрүнөт.",disgust,,
ed2s60s,I read it as him taking her virginity. Raping her...unless it was consensual and she WANTED to lose it.,Мен муну анын кыздыгын алуу катары түшүндүм. Зордуктоо...эгер ал макул болбосо жана өзү КААЛАБАСА.,disgust,,
edj6ycw,.... That literally made my stomach clench. I can't believe they are charged for the samples... Just eww.,.... Бул менин ичимди чыңалтып жиберди. Алар үлгүлөр үчүн акча алаарына ишене алганым жок... Жөн эле тфу.,disgust,,
eewjmgf,The worst is working with dealerships,Эң жаманы дилерлер менен иштөө.,disgust,,
ee6hipa,Damn... that’s another thing I didn’t even think about it. Probably the biggest reason why people shouldn’t steal food,Кудай-ай... бул мен ойлобогон дагы бир нерсе экен. Бул адамдар тамак уурдабашы керек болгон эң чоң себеп болсо керек.,disgust,,
eddzfda,Your age difference is incredibly creepy.,Силердин жаш айырмачылыгыңар абдан жийиркеничтүү.,disgust,,
edkj28y,Some bioshock shit right here.,Бул жерде Bioshock сыяктуу кандайдыр бир нерсе.,disgust,,
efendxq,It’s a cruel thing to say to someone with depression.,Депрессиядагы адамга мындай деп айтуу катаалдык.,disgust,,
ed9au26,[NAME] clan needs some fucking therapy.,[АТ] кланына чыны эле терапия керек.,disgust,,
edvdrgn,I hate people who have the blinders on when it is one of their friends,Достору болгондо кёзүн жуумуп алгандарды жек көрөм.,disgust,,
ee6c291,"Troo, troo....worse eban dan eat pizza wif aht a ferk. ","Туру, туру....пиццааны чаангалаксыз жегенден да жамааны.",disgust,,
ef12jwf,i once dipped a raw hot dog in chocolate pudding when i was dared too. it was dreadful.,"Бир жолу мени кыйнаганда, чийки сосискени шоколаддуу пуддингге малып жедим. Жийиркеничтүү болчу.",disgust,,
edcobri,It was the worst cinemax porn I've ever seen.,Мен көргөн эң жаман cinemax порносу болчу.,disgust,,
eesozdu,"Apparently, he can't just have sex with anyone because he needed to rape someone.","Көрүнүп тургандай, ал жөн эле кимдир бирөө менен жыныстык катнашта боло албайт — ага бирөөнү зордуктоо керек болгон.",disgust,,
edozypw,"Every time I get a staff kill, it feels like seeing a shooting star <3 Yeah, it definitely sucks.","Таякча менен өлтүргөн сайын учкан жылдызды көргөндөй сезилет <3 Ооба, бул чындап эле жаман.",disgust,,
ed3t0o9,"This one is the worst, by far","Бул азырынча эң жаманы, алда канча",disgust,,
ef279hb,"Oh no, her eyebrows","Оо жок, анын каштары...",disgust,,
ee7xp7i,That's awful. But I am proud of you for calling him out.,Бул жаман. Бирок аны бетине айтканың үчүн сага сыймыктанам.,disgust,,
eeo0313,"Minor league team names are often embarrassing...Biscuits, Rumble Ponies, Sand Gnats. Baby Cakes is particularly awful though, I’ll grant you that.","Кичи лига командаларынын аттары көп учурда уятсыз болот... Biscuits, Rumble Ponies, Sand Gnats. Бирок Baby Cakes өзгөчө жаман, муну моюнга алам.",disgust,,
ef1uwz4,There is an actual subreddit for cheating. It's disgusting.,Алдашуу үчүн атайын subreddit бар экен. Жийиркеничтүү.,disgust,,
een3k7h,Racism. They're talking about racism. The hate is the new KKK sheet.,Расизм. Алар расизм жөнүндө сүйлөп жатышат. Бул жек көрүү — жаңы ККК жалбырагы.,disgust,,
edz1n2x,This thread is one of worst things I've ever read,Бул тред мен окуган эң жаман нерселердин бири.,disgust,,
eeaopd2,"If you are as ugly as you say you are, you're already a statistical outlier.","Эгер өзүң айткандай эле чиркин болсоң, анда сен буга чейин эле статистикалык өзгөчөлүк болосуң.",disgust,,
eeoe3u3,> [NAME]. You disgust me. But seriously when do we get a real show and skip the constant ad teases.,"> [АТ]. Сен мени жийиркентесиң. Бирок чынында качан биз чыныгы шоу алабыз, ошол дайыма кайталанган жарнама тизерлерин таштап.",disgust,,
ed7lcq5,Huh? Mutts are usually healthier than pure-breds. It's the pure-bred dogs that have weird genetic issues.,Эмне? Аралаш тукум иттер адатта таза тукумдарга караганда ден соолуктуу болот. Кызык генетикалык маселеси бар иттер — ал таза тукумдар да.,disgust,,
eelju7z,"Even if you were a woman, your personality is so vile and yuck I would happily do 20 years in prison for murdering you.","Аял болсоң дагы, сенин мүнөзүң ушунчалык жийиркеничтүү жана тажаатмал, мен сени өлтүрүп 20 жыл камакта отурганга кубанып макул болмокмун.",disgust,,
ee0mco7,Smoking is nasty.,Темекечилик жийиркеничтүү.,disgust,,
ed6kt4m,hmm... it didnt work for me when i posted it but now it does... weird af,"хмм... мен жазганда иштебеди, бирок азыр иштейт... абдан кызык аф",disgust,,
ee15ncv,When it’s read this way it’s way more badass. The way people normally quote it just sounds stupid.,Ушинтип окулганда алда канча крутой чыгат. Адамдар адатта аны цитаталаганда — жөн эле акмакча угулат.,disgust,,
eex5vda,"Self defense should be, and this man sexually assaulted this woman.","Өз-өзүн коргоо болушу керек эле, жана бул эркек ал аялга сексуалдык зомбулук кылган.",disgust,,
ef16b3o,Laziest team I've ever seen.,Мен эч качан мынча жалкоо команданы көргөн эмесмин.,disgust,,
eetgi8m,That's bad,Бул жаман экен,disgust,,
ef67zpf,Could have been worse if a piece of metal exploded into him instead harmlessly on the beach,"Металл бөлүгү пляжда зыянсыз жарылбай, анын денесине тийсе, андан да жаман болмок эле",disgust,,
ef6xfp0,Technology bad!,Технология жаман!,disgust,,
edxo9iu,"i swear i've seen this on a poster somewhere at my school, it's awful","Ант урайын, муну мектебимдин бир жеринде плакатта көргөм, бул жийиркеничтүү",disgust,,
eda0l6x,Sign my name to it too lol it was so awful we deserve pain and suffering for that!,"Менин атымды да жаз лол, бул ушунчалык жаман болду, биз муну үчүн азап тартышыбыз керек!",disgust,,
eelh48j,What a disgusting person she is,Кандай жийиркеничтүү адам экен ал,disgust,,
ed52d8n,"I’d tell her nothing, that freaking weirdo would just never see my kid. The End. Disgusting.","Ага эч нерсе айтпас элем, ал акмак жинди менин балдарымды эч качан көрбөйт. Баары. Жийиркеничтүү.",disgust,,
efer7qg,Hallmark movies are the worst culprits.,Hallmark тасмалары — эң жаман күнөөкөрлөр.,disgust,,
eees7gz,This is his worst season since his rookie year,Бул анын дебюттук жылынан бери эң жаман сезону,disgust,,
efc1u4g,Oh thats weird. It opens the google maps app installed on my phone so i dont have that problem.,"О, бул кызык. Ал менин телефонума орнотулган Google Maps колдонмосун ачат, андыктан менде мындай көйгөй жок.",disgust,,
edg8cja,“Those floors with *that* paneling? Ugh! Disgusting!”,Ошол панелдер менен ошол пол? Тьфу! Жийиркеничтүү!,disgust,,
ef9txwa,Long straight hair on the face is going to look quite odd I would guess.,Бетке узун түз чач абдан сейтик көрүнсө керек деп ойлойм.,disgust,,
efe7rga,youre a disgusting piece of filth.,"Сен жийиркеничтүү, кир бир нерсесиң.",disgust,,
eefugwr,That is even worse. No tax from them and we provide them with services.,"Бул дагы жаман. Алардан эч кандай салык жок, а биз аларга кызмат берип жатабыз.",disgust,,
ed4fw7r,that was a horrible call,Бул коркунучтуу чечим болду.,disgust,,
eein07r,They have directly targeted civilians. It's disgusting.,Алар жарандарды түздөн-түз бутага алышты. Жийиркеничтүү.,disgust,,
ef4nswg,"Take a shower brother, i can smell you through my phone","Душ ал, ага, телефонумдан жытыңды сезип жатам.",disgust,,
eetucfv,The humidity in Sydney is worse.,Сиднейдеги нымдуулук дагы жаман.,disgust,,
ef8am7d,This is horribly disgusting. It's worse than the god damn chicken wire.,Бул коркунучтуу жийиркеничтүү. Тооктун зымынан да жаман.,disgust,,
edexf6d,Lakers running an awful lineup and [NAME] was too dumb to change it after the timeout. Thibs levels of Stubbornness,"Lakers жаман курам менен ойнотту, [АТ] болсо таймауттан кийин аны өзгөртүүгө өтө акылсыз болду. Thibs деңгээлиндеги упрямство.",disgust,,
ef7yezb,As comic book guy from Simpson’s would say. WORST. WRITTEN CRIMELORD. EVER....,Симпсондордогу Комикс Жигит айткандай. ЭҢ. НАЧАР. ЖАЗЫЛГАН. КЫЛМЫШКЕР. ЭЧТЕКЕ....,disgust,,
ee4x9kp,"Damn, that was dirty.","Каргыш, бул ылайлуу болду.",disgust,,
eec1lu7,I watched a video about fake makeup having rat piss in it. No thank you,"Жасалма макияжда чычкандын заары бар экен деген видео көрдүм. Жок, рахмет.",disgust,,
ed4s8um,"2 is washed out, 6 and 10 are too dark. Also imgur showed me a bald naked chimpanzee right after your last picture and I nearly choked. ","2 өчүп калган, 6 жана 10 өтө карарып кеткен. Дагы imgur акыркы сүрөтүңдөн кийин таз жалаңач чымпанзени көрсөтүп коюпту, дем тутулуп кете жаздадым.",disgust,,
eekhgw5,I'm sorry. Now my entire bad pun looks even worse than it did when I started.,Кечирим. Эми менин бүт жаман сөз оюнум башталганга Карата да жаманыраак болуп калды.,disgust,,
ee3knuq,[NAME] is worse.. [NAME] is really bad as well..,[АТ] жаманыраак.. [АТ] да чын эле начар..,disgust,,
edj3z4d,That might’ve been the worst pass he’s ever thrown. Yikes,Бул балким ал ыргыткан эң начар пас болгондур. Вай.,disgust,,
ed12a7n,"We're worse to animals than we were 100 years ago, js.","Биз жаныбарларга 100 жыл мурдагыга Карата начарыраак мамиле кылабыз, жс.",disgust,,
ef7flwe,Oh....yuck,Оо....жийиркеничтүү.,disgust,,
edj136y,I feel like they're blaming the school for them doing exactly the right thing.,Алар мектепти туура иш кылганы үчүн айыптап жатышат окшойт.,disgust,,
ee9a8m7,SHUT THAT SOFT ASS SHIT UP,О ЖУМШАК БОКТУ ТОКТОТКУЛА,disgust,,
ed1maoj,It's been with me all day. Those reams of entries is one of the most quietly horrific things I've ever seen.,Бүтүн күн мени коштоду. Ошол жазуулардын жыйындысы мен эч качан көрбөгөн эң тынч коркунучтуу нерселердин бири.,disgust,,
ee0hr0f,This is one of the worst I've seen...,Бул мен көргөн эң жаманынын бири...,disgust,,
efapqfy,that's like a kel'thuzad/kael'thas wet dream right there. Line them up for disgusting aoe XD,бул жерде kel'thuzad/kael'thas'тын нымдуу кыялындай. Жийиркеничтүү aoe үчүн катарга тизип коюңар XD,disgust,,
ef323i6,I cant’t stand mint flavored toothpaste. That’s how much I hate mint.,Жалбыз даамдуу тиш пастасын туталана албайм. Жалбызды ушунчалык жек көрөм.,disgust,,
edszrxl,"The snapchat news feed on the stories page is horrendous, its entirely just celebs, porn and hookup culture shit. ","Snapchat'тын stories барагындагы жаңылыктар жаман, ал толугу менен жылдыздар, порно жана бир түнкү маданияттын боку.",disgust,,
edamkkw,The double standard. Taking pictures of women without their permission is taboo and creepy.,Эки стандарт. Аялдардын уруксатысыз сүрөткө тартуу — табу жана жийиркеничтүү.,disgust,,
ed1sjv8,"I could go, but honestly, it is the worst place on earth. I have 0 desire to do it.","Бара алмакмын, бирок чынын айтсам, бул жердеги эң жаман жер. Барууга эч каалоом жок.",disgust,,
ed22j2a,I'm sorry. That's awful,Кечирем. Бул коркунучтуу.,disgust,,
eemi7oy,[NAME] damn you're toxic asf,"[АТ] каргыш, сен абдан уулуусуң",disgust,,
ef8h1do,Awful taste hmmmmm,Жаман даам хмммм,disgust,,
eethuvn,ah Yuk!,"А, тьфу!",disgust,,
edgrmmw,[NAME] fuckin sucks,[АТ] сасык начар,disgust,,
edc1nvz,I don't think eating 4chan pizza is a good idea. Unless you're into some weird shit.,"Менимче, 4chan пиццасын жеш жакшы идея эмес. Кандайдыр бир кызыктай нерселерди жактырсаң — башка маселе.",disgust,,
eexiq58,Yea I guess I did. I forget how popular the bulls brand is overall. I just hate when people call others dumb because they talk/tweet in slang.,"Ооба, окшойт. Буллс брендинин жалпысынан канчалык популярдуу экенин унутуп калам. Жөн гана адамдар слэнгде сүйлөшкөндүгү/твит жазгандыгы үчүн аларды акмак деп атоону жек көрөм.",disgust,,
eee8m3p,And that wig is awful,Ал перука да сасык,disgust,,
ef68izp,dae [NAME] IS MOMMY FUCK MY ASS WITH A BACKHOE MOTHER YES GAWD *tongue pop* WHAT A TALENTED ACTRESS BUT ALSO PARENTAL FIGURE,dae [АТ] — БУЛ МЕНИН АПАМ ЭКСКАВАТОР МЕНЕН АРТЫМДЫ ТЕСИП БЕР ИЯ АЛЛА *тил чак* МЫНЧА ТАЛАНТТУУ АКТРИСА БОЛГОНУНАН ТЫШКАРЫ ЭНЕ СЫМАЛ ДА,disgust,,
ee36437,Can’t be worse than last week,Өткөн жумадагыдан жаман боло алмак эмес,disgust,,
ed88wg5,Even worse.,Андан да жаман.,disgust,,
eeizdpx,I sense no awful taste here.,Мунда жаман даам сезилбейт.,disgust,,
eemgjst,But really Vanilla Ice is scum RIP [NAME] and [NAME],Чынында эле Vanilla Ice — таштанды. RIP [АТ] жана [АТ],disgust,,
ee8a8mr,"oh, ive seen that, ugh breeders have such weird and confusing minds","ой, мен муну көрдүм, тфу, бридерлердин акылы кандайча кызык жана чаташкан",disgust,,
eesysv3,Thats absolutely disgusting.,Бул таптакыр жийиркеничтүү.,disgust,,
eezewyl,"Seriously? That’s so frustrating. It was [NAME] time to go, some of these “fans” are disgusting.","Чынбы? Бул абдан ачуулантат. [АТ]нын кетер убактысы болчу, бул ""фандардын"" кээ бирлери жийиркеничтүү.",disgust,,
ef8d2g7,Also the fishing has been terrible for a month now. I am about to take the 5 story jump my friends.,"Балык уулоо дагы бир айдан бери эч нерсе жок. Мен 5 кабаттан секирип кетчүдөймүн, досторум.",disgust,,
eeqxnjb,This is disgusting.... please make more.,Бул жийиркеничтүү.... дагы жаса.,disgust,,
eezlqfs,I hate these cakes so much.,Мен бул торттордон ушунчалык жек көрөм.,disgust,,
ee10re6,It's a song reference. The lyrics were awkward so one of my FB friends made a meme,"Бул ырдагы сөз. Сөздөр чаташкан болгондуктан, FB досторумдун бири мем жасады.",disgust,,
ed67wxd,Doctor charged 400 bucks for a blood pressure check before renewing my wife's high BP medication. She HAS been acting a little weird la,"Доктор аялымдын кан басымынын дарысын жаңылоодон мурун, кан басымын өлчөө үчүн 400 бакс алды. Ал чынында бир аз кызык жүрүп жатат ла",disgust,,
edjqulo,You dirty scavenger,Кир шакал сен,disgust,,
edu79o2,Oof that’s terrible,"Уф, бул жаман экен",fear,,
ed720ui,"I'm worried he's too small. I love his quickness, but sub-170 is scary for a guy that'll be running over the middle.","Анын өтө кичине болушунан кооптонуп жатам. Ылдамдыгы сонун, бирок 170дон төмөн болгон кишиге ортодон чуркоо коркунучтуу.",fear,,
ed82vnh,I'm too scared to start Black Mirror because it honestly seems like we might not be that far off from some of it.,"Чынын айтсам, Black Mirror баштоодон коркуп жатам, анткени кээ бир нерселер биздин турмуштан анча алыс эмес сыяктуу.",fear,,
eczgmt3,Yuuuuuuuuuup. It's horrible.,Ооооооооооооо. Бул коркунучтуу.,fear,,
ed6ovzw,"Late-stage Reddit. I'm afraid it's malignant, there are only palliative care options available at this point.","Соңку стадиядагы Reddit. Катерлүү болуп чыгышынан коркуп жатам, азыр паллиативдик жардам гана бар.",fear,,
eekbqug,"Ah, alt right thinking. Afraid of people who have anything 'upstairs,' or 'between their ears.'","А, ультра оңдордун ойлошу. ""Жогору"" же ""кулактарынын ортосунда"" бир нерсеси барлардан коркушат.",fear,,
ef5nlo9,I'm afraid of having a sit down with them amd not being heard. But I might have to for my safety.,"Алар менен отуруп сүйлөшүп, угулбай калуудан коркуп жатам. Бирок коопсуздугум үчүн муну кылышым керек болушу мүмкүн.",fear,,
ee5xx4i,"I gotta say, that was a WELL fought period. I was worried a couple times...","Айтып коёюн, бул АБДАН ЖАКШЫ согушулган период болду. Бир нече жолу кооптонуп кеттим...",fear,,
eec5d5r,"yikes, as someone who dislocates things often ([NAME]), this scares me!","уу, ордунан тез-тез чыгып кетүүчү адам катары ([АТ]), бул мени коркутуп жатат!",fear,,
edtowbj,Conversion to make gay people straight. It's horrifying,Геилерди гетеросексуалга айландыруу конверсиясы. Бул коркунучтуу.,fear,,
edi3w9p,"Anti-vaxers aren't funny anymore, now they're just scary...","Вакцинага каршылар эми күлкүлүү эмес, азыр алар жөн эле коркунучтуу...",fear,,
ef0mln4,Well that’s horrific,"Ой, бул коркунучтуу экен",fear,,
eedc9x3,>very creepy horror-themed Very accurate description and only from a few second piece of an audio recording,">өтө коркунучтуу хоррор темасында Абдан так мүнөздөмө, анда да үн жазуунун бир нече секундалык бөлүгүнөн гана",fear,,
effi8ja,">Some ~~drugs~~ people are just... Scary... Some drugs tend to bring out what's bubbling under the surface, so in that way, yeah. ",">Кээ бир ~~наркотиктер~~ адамдар жөн эле... Коркунучтуу... Кээ бир наркотиктер ичтеги кайнаганды бетке чыгарат, ошол жагынан алганда, ооба.",fear,,
eech0ur,Arghh! There's a dinosaur loose in your house! A dinosaur with Tippex eyes.,Аргх! Үйүңдө динозавр бошонуп кетти! Типпекс менен боёлгон көздөрү бар динозавр.,fear,,
ed23i73,[NAME] combat is terrible and the only reason I don’t play it anymore,"[АТ] жекпе-жеги жаман, ошондуктан мен аны эми ойнобойм",fear,,
ed4o2hd,We knows mumps immunity wanes; is it possible for measles immunity to do the same thing? I'm kinda scared to try Googling it too.,Паротиттен иммунитет азайарын билебиз; кызамыктан иммунитет да ошондой боло алабы? Аны Googleден издегенге да чочуп жатам.,fear,,
eeisbjq,It scares me that left to right is also possible for anyone,Солдан оңго өтүү каалаган адамга мүмкүн экени мени коркутат,fear,,
eeo5uvf,I'm REALLY glad the guy saved him but seeing him so pitiful and scared really lingers with me. :(,"Жигит аны куткарганына ЧЫНЫНДА кубанычтамын, бирок ал ушунчалык жалынычтуу жана коркуп жаткан абалда болгонун көрүп, жүрөгүмдөн кетпей жатат. :(",fear,,
ef5ciit,Intentionally frightening the Queen is an indictable offence. (Max 14 years) Criminal Code,Королевага атайылап коркунуч туудуруу — сотко берилүүчү укук бузуу. (Макс. 14 жыл) Кылмыш кодекси,fear,,
edheeuh,Oh my god Del Monico. Horrific. Even the ambient smell in the hallways makes me gag.,"Оо кудай-ай, Дель Моника. Жийиркеничтүү. Коридордун жытынын өзү жүрөгүмдү айлантат.",fear,,
ee3dysd,[NAME] and [NAME] for [NAME] then sign [NAME] afraid this battle station is fully operational,"[АТ] менен [АТ] [АТ] үчүн, анан [АТ] кол коюшат, бул согуш станциясы толук иштеп жатканынан корком",fear,,
ef06dpa,Osaka making me nervous,Осака мени нервалантып жатат,fear,,
ed1qd4j,"Everytime I see something in this sub that looks sharp, I get very worried. ",Бул сабреддитте курч нерсе көргөн сайын абдан тынчсызданам.,fear,,
edqs4tt,"I mean this in the least creepy way possible, tell me how it works out NO DETAILS PLEASE GOD NO","Муну мүмкүн болушунча жийиркеничтүү эмес маанисинде айтып жатам — кандай аяктаганын айт, БИРОК ЭЧ ДЕТАЛЬ ЖОКК КУДАЙЫМ ЖОКК",fear,,
ef67xn0,"Omg, unbelievably scary. Insane ","Омг, ышкырык коркунучтуу. Жинди эле",fear,,
ef6dy24,"ah, ok! i'm afraid i do, i just didn't realise that's what it meant (so old i am going stupid....)","а, ок! коркуп жатам, мен аны билем, жөн гана ал эмнени билдиретинин түшүнбөдүм (ушунчалык карып, акылдан адаша баштаптырмын....)",fear,,
eduz02m,"I mean it makes sense, they're into [NAME] because they totally dig the horribly socially stunted types so they love [NAME] for horribly traumatizing her.","Мунун мааниси бар, алар [АТ] ды жакшы көрүшөт, анткени социалдык жактан тормоздогон типтерди жакшы көрүшөт, ошондуктан [АТ] ды аны коркунучтуу жабыркаткандыгы үчүн жакшы көрүшөт.",fear,,
ef70jgb,"oh man clicking 2 buttons before you read an article, the absolute horror","ой жарабас, макала окуудан мурун 2 баскычты басуу — чыныгы апат",fear,,
edpiohy,Bitch real man just panicking purchases a m82 barret..Now excuse me while i hide from my wife for the next month.,"Жолу болгур, чыныгы эркек паника менен M82 Barrett сатып алат.. Эми кечиргиле, бир айга аялымдан жашынып жатам.",fear,,
ee6sf8x,Bedside report is terrible.,Оорулунун жанындагы отчет жаман.,fear,,
ee5ppte,Why am I gonna do? Stop the ant? I’m scared of him too,Мен эмне кылайын дейсиң? Кумурскага тосомбу? Мен да андан коркуп жатам,fear,,
eeyyqbp,"Kind of wish they recorded a video of the shard of glass moving through the heart, we would all pee a little in our pants.","Айнек сынгычтын жүрөктөн өтүп жатканын видеого тартышсачы деп ойлодум, баарыбыз шымыбызга чаап алмак элек.",fear,,
ed4bf6i,"Yeah that’s one of the things I’m most worried about, still hopeful!","Ооба, бул мени эң көп тынчсыздандырган нерселердин бири, дагы эле үмүттүмүн!",fear,,
ee06l54,"Wow. AP should find that video and flag whoever did that...deep, scary issues at play","Вау. AP ошол видеону тапса жана аны жасаганды аныктаса... терең, коркунучтуу маселелер бар",fear,,
eeapc12,Tear all of it down - that place is such a horrific example of trash civil engineering,Баарын кулатып таштагыла — ал жер жаман жарандык инженерлүүлүктүн коркунучтуу мисалы,fear,,
edwthsb,also anxious that people will be angry or surprised or upset at me for me never telling people about this before,"Мунун үстүнө, адамдар мурда эч кимге айтпаганым үчүн менден ачуулануп, таң калышып же капа болушабы деп тынчсызданып жатам",fear,,
eewmsvg,I’m tired from working hard and I want someone to snuggle me to sleep,"Катуу иштеп чарчадым, бирөө мени кучактап уктатсачы",fear,,
ef1vayk,What the fuck is that horrifying picture,"Бул коркунучтуу сүрөт эмне болгон, жекшем",fear,,
edfia5i,Not even polite if they're driving. The road rage here is terrifying.,Машина айдап жатышса да сылыктык жок. Бул жердеги жол кыжырдануусу жини кетирет.,fear,,
ee64et6,I friggin choked scrolling up to this,"Муну жылдырып чыкканда, ай, жаным кетип баратты",fear,,
edrvloi,[NAME] is pretty fucking scary,"[АТ] чындап эле коркунучтуу экен, ыя",fear,,
eeqf2j8,"Pretty terrifying. Imagine if you went on a school trip, did nothing, and came home to this.","Коркунучтуу. Элестет: мектептик сапарга барып, эч нерсе кылбасаң, а үйгө кайткандан кийин мына ушул сени күтүп турса.",fear,,
ed6i2c0,Fuck i know. I'm so worried for girls like me growing up now.,"Ай, билем. Азыр менин сыяктуу кыздардын чоңоюп жатышы үчүн жүрөгүм ооп жатат.",fear,,
ee5dusn,"Welp. That sucks. I always check left and right when crossing an intersection, getting T-boned is one of my biggest fears.","Э, жаман болду. Мен дайыма жол кесерде оң-солума карайм, капталдан урулуп кетүү — менин эң чоң коркунучтарымдын бири.",fear,,
edqgi71,That’s horrible. Only religion could make an otherwise normal person want to show a torture and murder video to a child.,Жаман. Дин гана кадимки адамды балага кыйноо жана өлтүрүү видеосун көрсөтүүгө мажбур кыла алат.,fear,,
edbpdy5,"I don't wish abortions on any woman. It's a terrible thing to endure. Necessary, sure, but it's still grim.","Мен эч бир аялга аборт жасаттырсын дебейм. Бул чыдатпас нерсе. Зарыл болгон учурда — болот, бирок баары бир кайгылуу.",fear,,
eevkkqw,I thought that type of camouflage failed horribly because the high contrast and defined shapes made the ships really stand out.,Мен ошол маскировка начар иштеди деп ойлогом — жогорку контраст жана так формалар кемелерди дагы да ачык кылып турган.,fear,,
edciwc1,"I had a nightmare about something similar, the combination of high walls and water is truly scary","Ушул сыяктуу нерсе жөнүндө жаман түш көрдүм, бийик дубалдар менен суунун айкалышы чындап эле коркунучтуу",fear,,
efan4tt,I already called the county I got married in trying to find out about it but they had nothing on either of us about a divorce.. Im so anxious.,"Мен турмушка чыккан округума чалдым, ажырашуу жөнүндө билүүгө аракет кылдым, бирок алар бизди экөөбүздүн ажырашуусу тууралуу эч нерсе таппады.. Абдан тынчсызданып жатам.",fear,,
edt81gk,Top 10 nibbas satan's too afraid to torture.,"Топ 10 балдар, аларды азаптоодон шайтандын өзү коркот.",fear,,
edtra8x,Seeing people overtaking on the right makes me anxious.,"Оңдон озуп өтүп жаткандарды көрсөм, чочуп кетем.",fear,,
edux14a,Goosebumps had the same take on those too. Those books used to scare the shit out of me,Goosebumps китептеринде да ошондой болчу. Ошол китептер мени өлө чочутчу.,fear,,
edplze2,"I've have a serious fear of getting winded, this video made my balls fall off ","Демим кесилип калуудан катуу коркомун, бул видеодон жүрөгүм оозума чыга жаздады.",fear,,
eeaqzyn,I'm afraid that will leave Britain no better. Can't imagine the ruckus if remain wins.,"Британия андан жакшы болбойт деп коркомун. Калуу жагы утса, кандай ала-чула болорун элестете да албайм.",fear,,
edax07j,Seriously Creepy.,Чындап эле кооркунучтуу.,fear,,
ee1g4od,"It’s horrible for me, way worse than your situation. Be Glad that you aren’t me","Мен үчүн бул өтө жаман, сенин абалыңдан да жаман. Мен эмес экениңе шүгүр кыл.",fear,,
eezcz2y,I want to so bad it hurts. I guess I'm just scared.,"Ушунчалык каалайм, ичим ооруп кетет. Жөн гана коркуп жатам окшойм.",fear,,
ef10won,"He may have, I was more worried about the ""running and shooting the AR one handed, off to the side"".","Балким, бирок мен ""жүгүрүп бара жатып, AR мылтыгын бир колу менен, капталга атуусунан"" кооптонуп жаттым.",fear,,
edvd348,So many great shows they killed because they didn't advertise them and put them at terrible air times :(,"Ушунча жакшы сериалдарды жарнамаламай, жаман убакытка коюп жок кылышты :(",fear,,
eejo7ob,My greatest fears are getting wooshed and not getting the joke.,"Менин эң чоң коркунучтарым — шутканы жиберип алып, аны эч түшүнбөй калуу.",fear,,
eeeesmd,Could you imagine? That would be so terrible for viewers. 😂,Элестете аласыңбы? Көрүүчүлөр үчүн абдан жаман болмок эле. 😂,fear,,
ef3yna0,"It sounds like you’re the one who is afraid of the internet. Relax, bud. You’re on r/cringe ","Менимче, интернеттен коркуп жүргөн өзүңсүңдөй. Жайлан, досум. Сен r/cringe-дасың.",fear,,
ef560j9,[NAME] has gotta he replaced or that was just terrible writing,"[АТ]ты алмаштыруу керек, же ал жөн эле жаман жазылган болчу",fear,,
edc4l1j,"It's like an Arts school but with dangerous, easily weaponizable spells being flung all over the place!","Бул сүрөт мектебине окшош, бирок жан-жакка коркунучтуу, оңой эле куралга айланган жадыкандар учуп жүрөт!",fear,,
edgjiy4,I will not being awkward if I am being myself but I just scared,"Өзүм болсом уялбайт элем, жөн эле коркуп кетем",fear,,
ef815wr,Ahhh [NAME] its in my eye.,Аааа [АТ] көзүмө тийди.,fear,,
eewwhiz,[NAME] is scary,[АТ] коркунучтуу,fear,,
eddqd0h,Probably scared they’re gonna get flashed by a camera.,Камера жарык чагылдырып алат деп коркуп жатышса керек.,fear,,
edext4x,So. This is scary as fuck.,Ушул. Бул тозоктой коркунучтуу.,fear,,
edy5han,That [NAME] missed layup is haunting me right now.,[АТ]тын жазып жиберген лейабы азыр башымдан кетпей жатат.,fear,,
ee31jr3,this video made me feel like screaming,бул видео мени кыйкырып жибергим келтирди,fear,,
edv19pi,I would be creeped out.,Мен да жийиркенип кетмекмин.,fear,,
eebmioe,I’m dreading when it happens during our games for the title,Чемпиондук оюндарыбызда ушундай болуп калса деп корком,fear,,
eeduqfx,He's so intimidating...,Андан абдан корком...,fear,,
ed4y8ts,"As a closing TM, that’s terrifying. ","Жабуу кезегиндеги кызматкер катары, бул абдан коркунучтуу.",fear,,
ef5osec,Bonus: her infamous bizarre introduction video. Truly frightening,Бонус: анын атактуу кызыктай тааныштыруу видеосу. Чындап эле коркунучтуу,fear,,
edoht44,Imagining doing something this drastic all alone is just... I can't fathom the anxiety. Man.,Мунун баарын жападан жалгыз жасоону элестетсем... Мен ал тынчсызданууну түшүнө да албайм. Кудай-ай.,fear,,
ee2ybxe,Anthem is a good 45 min from Scottsdale and the rush hour traffic is a nightmare.,"Антем Скоттсдейлден 45 мүнөт алыс, ал эми саат чокусундагы кептелиш — кабыргаңды кайыштырат.",fear,,
ed3xacm,When has the Alt-Right ever been working class? Its always the richest white guys who are horribly socially inept.,"Алт-Райт качан жумушчу класс болуптур? Ар дайым эң бай ак терилүүлөр, алар коомдо абдан начар.",fear,,
ee5fu5c,Because it was a terrible idea.,Анткени бул коркунучтуу идея болчу.,fear,,
edj01kz,The cruise boat one (similar) where the water goes WELL over the porthole scares the everloving shit out of me every time,Круиздик кемеде суу иллюминатордон ЖАКШЫЛАП ашып өтүп жаткан (ошондой) видео мени ар жолу өлө коркутат.,fear,,
eerybhn,"> So basically, if you're responsible with guns, you have nothing to worry about. I'm worried about *other people* not being responsible with guns.","> Демек, эгер сен мылтыкка жооптуу мамиле кылсаң, кооптонор эч нерсең жок. Мен *башка адамдардын* мылтыкка жооптуу мамиле кылбашынан кооптонуп жатам.",fear,,
ed2zxig,"I believe that show scared straight was actually a massive failure, it got viewers but concept of it never resulted in the kids actually being 'scared straight'.","Менимче, ""Scared Straight"" шоусу чынында эле чоң ийгиликсиздик болгон — көрүүчүлөрдү тарткан, бирок анын концепциясы балдарды чынында ""коркутуп жолго салган"" жок.",fear,,
ee2kw21,Please elaborate on that story! Ive always been afraid of exactly this happening to me.,Ал окуяны майдалап айтып бер! Мен дайыма так ушундай нерсенин башыма келишинен коркуп жүргөм.,fear,,
ees973r,When that intro drops I get so into it and scare my cat,Ал интро башталганда мен ага толук кирип кетем да мышыгымды чочутуп алам.,fear,,
ed2e00i,The thought of shooting anything at asylum seekers is appalling.,Качкындарга каршы эмнеге болсо ок атуу жөнүндөгү ой жийиркентет.,fear,,
edhlhpv,What a horrible person,Кандай жаман адам.,fear,,
eczsn48,[NAME] looked terrible that game. I was really hoping to be wrong but he came just as advertised by Hawks fans,"[АТ] ал оюнда начар көрүндү. Туура эмес болуп чыгар деп чын эле үмүттөнгөм, бирок Hawks фандары айткандай эле болду.",fear,,
eef48yd,I’m just worried about his attitude and approach with younger players. Edit-re worded,Мен анын жаш оюнчулар менен мамилесинен жана мамиле кылуу ыкмасынан гана тынчсызданып жатам. Оңдоо — кайра сөздөштүм.,fear,,
edew673,I would be afraid he would come back and somehow blame me for his failure.,"Мен коркуп кетер элем — ал кайтып келип, ким билет, ийгиликсиздиги үчүн мени айыптап коёр деп.",fear,,
edn7qz4,~~Comrade~~ [NAME] I'm appalled that you would accuse me of using performance enhancing drugs. Neigh! Neigh I say!,"~~Жолдош~~ [АТ], мени допинг колдондуң деп айыптаганыңа абдан шашып кеттим. Иии! Иии деп айтам!",fear,,
edkguai,"They are dangerous AF. I had a student faceplant and break her face, and my daughter's friend hit his head and is in a coma.","Булар өтөөтө коркунучтуу. Менин окуучум жүзү менен жерге жыгылып, бетин сындырды, а кызымдын досу башын уруп, азыр комада жатат.",fear,,
eentnff,Feeling insecure now,Азыр өзүмө ишенбей калдым,fear,,
ef5j0np,"i would feel really uneasy knowing i can never visit other countries, i think i would rather have the 50K","Башка өлкөлөргө эч качан баралбасымды билсем, чындап эле жаман сезинер элем, ошондуктан мен 50К акчаны алган оң деп ойлойм",fear,,
eddeiv6,"yes, please do I'm worried about her D:","Ооба, жаса сураныч, мен аны үчүн тынчсызданып жатам D:",fear,,
een6y2q,I genuinely think that would be an iconic shot if it was in a famous horror film. The way the legs just keep on coming is terrifying.,"Чын эле, бул белгилүү бир коркунуч тасмасында болгондо, эпикалык кадр болмок. Буттардын дагы эле узарып келе бериши — чындап эле чочутат.",fear,,
ed61c03,I took a picture of a farmer treating his crops with roundup yesterday.. it was horrifying,Кечээ бир дыйкан өсүмдүктөрүн раундап менен иштеп жаткан учурда сүрөт тарттым.. коркунучтуу болду,fear,,
ef060e5,I’m so nervous!,Абдан толкунданып жатам!,fear,,
ee5xax9,"Please no, I have a family!!!","Сураныч, жок, менин үй-бүлөм бар!!!",fear,,
eeic0e5,I'm a guy and I'm squirming. My wife asked me what the hell I was reading and I told her. She said wtf really loud.,"Мен эркекмин, бирок ыңгайсызданып жатам. Аялым эмнени окуп жатканымды сурады, айттым. Ал абдан катуу ""wtf"" деди.",fear,,
ef2mfzy,I don't feel so financially secure,Каржылык жактан өзүмдү коопсуз сезбей жатам.,fear,,
eemn1s5,"Help, I'm scared and want to go back.","Жардам, коркуп жатам жана кайтып кетким келет.",fear,,
eeuckpj,Yeah it’s the opponents club that should be scared of us! We are REAL MADRID!,"Ооба, бизден коркуш керек болгону карсылаш клуб! Биз РЕАЛ МАДРИД!",fear,,
eex2gov,Probably. Government contracts are already terrible as they rarely pay on time,Балким. Мамлекеттик контракттар болгону жаман — убагында акча төлөшпөйт.,fear,,
ede51kv,It makes me super fucking nervous edit: was able to buy temple at +1 fuck it lets ride,"Бул мени абдан нерв кылат. ред: +1га храмды ала алдым, кой аны, баралы",fear,,
ee6pufo,How incredibly dangerous,Кандай коркунучтуу,fear,,
eeck3gr,I’m worried about [NAME] too,Мен да [АТ] үчүн тынчсызданып жатам,fear,,
eewv2x1,Can't help but feel that going down 3-0 is nerves and fear of playing someone with [NAME] mythology. AO to [NAME] is like RG to [NAME],3-0га жутулуу — [АТ]тын мифологиясы бар бирөөгө каршы ойноонун нерви жана коркуусунан деп сезбей коё албайм. [АТ] үчүн AO — [АТ] үчүн RG сыяктуу.,fear,,
edbr0a7,How scary! She loves you! I hope you are ok.,Кандай коркунучтуу! Ал сени жакшы көрөт! Жакшы болосуңур деп үмүттөнөм.,fear,,
eeuku5e,I'd worry about traffic more than the TSA.,Мен TSA'дан көрө жол тыгынынан бетер чочулайт элем.,fear,,
ed2hqj5,Life is Strange is terrible. Absolutely zero gameplay...,Life is Strange — суксуз. Геймплей дегениң такыр жок...,fear,,
eel1j5c,"I worry that as soon as VR and AR take off, it'll be the nail in the coffin and we will be trapped.","VR менен AR кеңири жайыла баштаганда, бул биз үчүн акыркы мых болуп, тузакка түшүп калабыз деп коркобуз.",fear,,
eey5v8c,"Tl, dr - Take the abuse. Squirming only gets them off more.","TL;DR — кордукту жут. Кыймылдай берсең, алар дагы да ыракаттанат.",fear,,
ed22gpz,Wait for real? That's how they met? lol that's both terrifying and completely fitting considering how nuts they both are,"Чынбы эле? Алар ошентип таанышкан беле? лол, бул коркунучтуу да, бирок тим эле туура — экөөнүн тең чалкан экенин эске алсак",fear,,
eead67g,"Wow, this is terrifying.","Вау, бул коркунучтуу.",fear,,
ee0oy6v,That was a fluid motion and it scared me,Ал абдан жылмакай кыймыл болчу жана мени чочутуп жиберди,fear,,
edi4n6c,Yeah but you're not anymore I'm afraid.,"Ооба, бирок өкүнтүп айтсам, эми андай эмессиң.",fear,,
efdv7m4,Damn. As a [NAME] [NAME] I fear who the last Greek restauranteur in this death triangle will be :(,"Каргыш. [АТ] [АТ] катары, бул өлүм үчбурчунда акыркы грек ресторатору ким болот деп коркуп жатам :(",fear,,
edgzhmn,the older me would be scared shirtless knowing all the fireworks that exploded nearly in my hand as a kid,"Балалыгымда колумдун жанында жарылган ошол фейерверктерди билгенде, азыркы мен коркуп жанымдан чыга жаздамакмын",fear,,
edummv2,"Aha! This is my fear, that the gloss over key elements because they want to target a wider audience!",Аха! Менин коркунучум дал ушул — алар кеңири аудиторияга жетүү үчүн негизги элементтерди жашырып коёт!,fear,,
ed4cpjo,"[NAME] shot has been quite frankly terrible tonight, wayy too strong on most of his looks","[АТ]тын бүгүн сүрөтү, чынын айтсак, абдан жаман чыкты, образдарынын көбүндө ашыкча катуу",fear,,
ef6cgws,Wall St is scared of the 2020 Democratic primary.. Good!,Уолл-Стрит 2020-жылкы Демократиялык праймеридан коркуп жатат.. Жакшы!,fear,,
ee21lbv,Edgy bro.,"Провокатор, бро.",fear,,
eez9izh,That’s a horrible take.,Бул жаман пикир.,fear,,
eenpup4,Same thing happened to me last year ended horribly,"Өткөн жылы мага да ушундай болду, абдан жаман аяктады",fear,,
edrc8re,Scary. I bet youre fun at parties.,Коркунучтуу. Сен майрамдарда абдан кызыктуу болосуң деп ойлойм.,fear,,
eer50di,this made me stop subconsciously breathing and now I can't stop thinking about it,бул мени аң-сезимсиз дем алуудан токтотту жана эми мен ал жөнүндө ойлонуудан токтой албайм,fear,,
eerekx1,You are not wrong. I have learned about myself alot while on drugs. Sometimes it's scarry when i find out how limited my mind is.,Туура айтасың. Мен дары ичип жүргөндө өзүм жөнүндө көп нерсе үйрөндүм. Кээде акылымдын канчалык чектелгенин билгенде коркунучтуу болот.,fear,,
eeern88,This is dangerous.,Бул кооптуу.,fear,,
eeuhyfj,Venezuela has uniquely terrible oil.,Венесуэланын мунайы өзгөчөлүү жаман.,fear,,
eetucyl,"We had a clown banging on dorm windows, on campus, with a knife in 2016. Was terrifying. ",2016-жылы кампуста бизди жатаканабыздын терезелерин пычак менен кагып жаткан клоун болгон. Абдан коркунучтуу болчу.,fear,,
ef7uazr,I miss mass Rez her new ult is horrendous,"Мен масс Резди сагынам, анын жаңы ультиси жаракат.",fear,,
edclugt,These refs are remarkably terrible tonight. So are the sabres but wow some terrible calls.,"Бул рефлер бүгүн таң калыштуу начар. Сейберлер да ошондой, бирок кандай жаман чечимдер болду.",fear,,
ed7wam1,Phone calls are the ultimate nightmare !!,Телефон менен сүйлөшүү — эң чоң кошмар!!,fear,,
ef89nwl,"i had all of those. checked myself with a GP and found out i had low iron, migraines and needed to visit the therapist re my anxiety.","Булардын баарын мен башымдан өткөрдүм. Жалпы дарыгерге барып текшертсем, темир аздыгы, мигрень бар экенин жана тынчсызданууга байланыштуу психологго барышым керек экенин билдим.",fear,,
ef3gvik,Threats and promotion of violence,Коркутуулар жана зомбулукту жайылтуу,fear,,
ef7mjqw,The [NAME] of horror!,Коркунучтун [АТ]ы!,fear,,
edcltt8,It’s pretty cringe,Бул абдан кринж,fear,,
ef61brr,Cheese Most of my friends love cheese so much that I’m scared to tell them that I can barely even bring myself to eat it,"Быштак. Досторумдун көпчүлүгү быштакты ушунчалык жакшы көрөт, аларга аны дээрлик оозума ала албай турганымды айтууга коркомун.",fear,,
eely6n7,Even more so. It would only make our prison (this world) even more diabolical.,Андан да бетер. Бул биздин түрмөбүздү (бул дүйнөнү) дагы да шайтандык кылып коёт.,fear,,
edhmved,That ice is dangerously thin for such a hot take.,"Мындай катуу пикир айтуу үчүн муз өтө жука, ойлон.",fear,,
edh0e8f,he is a very dangerous man,ал өтө коркунучтуу адам,fear,,
eebeenr,EWWW yes. This makes me shudder. All wet and gross.,ЖИЙИРКЕНИЧТҮҮ ооба. Жүнүм дүрт этти. Нымдуу жана жаман.,fear,,
efg7lsu,i have bought this but not played. i'm scared. hold me.,"муну сатып алганмын, бирок ойногон жокмун. коркуп жатам. кучактап туруңчу.",fear,,
ed1umha,Classic Trap game... I'm nervous. Hope our boys aren't hungover.,Классикалык Trap оюн... Дабдурустандым. Балдарыбыз кечинки ичкиликтен кийин ойнабасын деп үмүттөнөм.,fear,,
eelanyf,Thought i was already there with the terrible title.,Жаман аталышынан эле ошол жерге жетип калганмын деп ойлогом.,fear,,
eehsg7q,Beyond nightmare!!,Кабустан да жаман!!,fear,,
ef2hg0x,The faces in that drawing are kinda horrifying,Ал сүрөттөгү жүздөр бир аз коркунучтуу экен,fear,,
ee0wnfi,I haven't had class in three years and yet I've literally had this nightmare dozens of times.,"Үч жылдан бери сабакка барган жокмун, бирок бул кабусту ондогон жолу көрдүм.",fear,,
eefg325,Honestly scared to see what happens,"Чынын айтсам, эмне болорун көрүүдөн коркуп жатам",fear,,
eff6flv,I'm more worried about it randomly saying daddy across the top ... Like that's normal,"Мен андан да тынчсызданып жатам, ал жогору жагында кокусунан ""daddy"" деп жиберсе... Мындай нормалдуудай го",fear,,
edj3og4,I would stay away from [NAME]. Apparently his injury got infected and will require more surgery/surgeries,"[АТ]дан алыс жүргүлөчү. Анын жарасы жугузуп алган окшойт, дагы бир же бир нече операция керек болот",fear,,
eeo42tb,FEAR THE TURTLE,ТАШБАКАДАН КОРККУЛА,fear,,
eeg14j5,"I want to go scuba diving so bad, but swimming in anything bigger than a pool terrifies me.","Суу астында сүзгүм абдан келет, бирок бассейнден чоңураак суудан сүзүү мени чочутуп жиберет.",fear,,
edbjbw0,I might be in trouble in this case. I have 7 years going on 8 :(,"Бул жагдайда мен кыйналышым мүмкүн. Менде 7 жыл, дээрлик 8 болот :(",fear,,
eeddi3d,Yo this [NAME] was literally pulling moves out of the Hitman games jumping over to your balcony. Thats terrifying.,"Йо, бул [АТ] чынында Hitman оюнундагыдай кыймылдарды жасап, балкондуңузга секирип чыкты. Абдан коркунучтуу.",fear,,
eevk8g7,that day humanity received a grim reminder,ошол күнү адамзат коркунучтуу эскертүү алды,fear,,
efem0xj,OH [NAME] THAT'S TERRIFYING SOMEBODY SAVE US ^/s,ОО [АТ] БУЛ АБДАН КОРКУНУЧТУУ БИРӨӨЛӨР БИЗДИ КУТКАРЫШСЫН ^/s,fear,,
ee143cv,This is scary.,Бул коркунучтуу.,fear,,
eep9db2,Done it since I was a kid I was very edgy,"Балалыгымдан бери ушундай кылып келем, мен абдан кескин болчумун",fear,,
effkutp,>it is fleshy I am horrified to learn that my flesh is fleshy,>эт сымал экен Менин этимдин эттүү экенин уккандан коркуп кеттим,fear,,
edyjq3l,"Same here man, terrible feeling","Мында да ошондой, бро, жаман сезим",fear,,
ee91zfs,I watched a really bad horror movie she starred in but I think it predated VPR.,"Ал тартылган абдан начар коркунучтуу фильм көрдүм, бирок ал VPR-дан мурда болгон окшойт.",fear,,
edbglsf,Some additional background the robo-voice on that video is horrible.,Кошумча маалымат: ошол видеодогу робот үнү жаман эле.,fear,,
eeu92hs,Reporters shouldn’t be afraid of governments - governments should be afraid of reporters.,Журналисттер өкмөттөрдөн корккон жок — өкмөттөр журналисттерден коркуш керек.,fear,,
eebz2uw,That’s terrifying,Бул коркунучтуу,fear,,
eeubc6l,"Oh, their theme gives me anxiety.","Ой, алардын темасы мени тынчсыздандырып жиберет.",fear,,
eeemsct,I’m about to have a heart attack tonight,Бүгүн түнү жүрөгүм токтой жаздады,fear,,
effkm02,"I have. Here, its implying he wants to fuck the dog. The original the dog is just scared of him.",Ооба. Бул жерде ал итти чукугусу келет деп меңдетет. Оригиналында ит жөн гана андан коркот.,fear,,
efgox59,I remember writing on them was horrible. Slight delay which threw me off combined with the letters ending up looking like crap. Whiteboard was so much easier.,"Аларга жазуу жаман болчу деп эсимде. Бир аз кечиктирүү мени адаштырды, тамгалар да уйпаланып чыкты. Доска алда канча оңой эле.",fear,,
ed4hcsf,Oh true I remember seeing it on Spotify’s charts for weeks. It’s terrible.,"Ой, чын, аны Spotifyдин чарттарында жумалар бою көргөнүм эсимде. Жаман экен.",fear,,
ef4pyn8,Coming from [NAME] even though it’s a hypothetical question it’s still gotta feel scary,"[АТ]дан угуп жатканда, гипотетикалык суроо болсо да, дагы эле коркунучтуу сезилет",fear,,
eeu6j3i,I have a moronphobia. I'm going to need to ask you to step away as I have an irrational fear and distaste of you.,"Менде моронофобия бар. Акылсыздардан акылга сыйбас коркуум жана жийиркенүүм болгондуктан, алыстап кетүүңүздү суранышым керек болот.",fear,,
edumqtx,You're a horrible person.,Сен жаман адамсың.,fear,,
ed6vkjl,"Man, dropping is rather dreadful but nothing’s more dreadful when you can reach into your pockets expecting it to be there and it isn’t ","Ой, түшүрүп алуу да жаман, бирок чөнтөгүңдө болот деп ойлоп колуңду сала коюп, жок болуп чыкканынан жаман эч нерсе жок",fear,,
ed6q46k,I'm getting worried,Мен тынчсызданып баратам,fear,,
eevbr0g,Oh [NAME] that was horrible,"Ой, [АТ], бул жаман болду да",fear,,
edrw5wr,Nervously laughs in anxiety,"*Нервдүү күлүп, тынчсызданат*",fear,,
ees5l2x,Imagine if we dont trade [NAME] and [NAME] fans just kill all of us.,"Элестетип көрчү, [АТ]ды алмаштырбасак, [АТ]нын фандары баарыбызды өлтүрүп салышат.",fear,,
eegysam,"[NAME] looks too creepy,but it's a very nice drawing.","[АТ] өтө коркунучтуу көрүнөт, бирок сүрөт чынында жакшы экен.",fear,,
eeaqrj7,It's riskier to take on bad contracts right now,Азыр начар келишимдерди алуу дагы тобокелдүү,fear,,
eeshp05,Yeah it’s fine. Some supplements contain Ashwagandha which affects the gaba receptors so be cautious if you’re already on gabapentin or a beta blocker,"Ооба, эч нерсе эмес. Кээ бир кошумчалар Ашваганда камтыйт, ал ГАМК рецепторлоруна таасир этет, андыктан габапентин же бета-блокатор ичип жатсаң, этият бол",fear,,
edowcgb,"Ah sorry [NAME], I was going to join. But your desperate posts scared me away!","Ой, кечирип кой [АТ], кошулмакчы элем. Бирок сенин үмүтсүз посттарың мени коркутуп жиберди!",fear,,
ef6qxnr,HHahah. Right? I’m scared,Хахах. Туура го? Мен да коркуп жатам,fear,,
ef2asqu,Worrying about [NAME] during a game is ridiculous. Especially when he's currently 6-11 from the field.,Оюн учурунда [АТ] жөнүндө кабатыр болуу күлкүлүү. Айрыкча ал азыр аянтчадан 6/11 болуп тургандa.,fear,,
edvdy44,Threatening to drive your sisters into the ocean is illegal. It's called making a terroristic threat or menacing and can cause her to lose access to your sisters,Эже-сиңдилериңди океанга айдоп кетем деп коркутуу мыйзамсыз. Бул террористтик коркутуу же коркутуп-үркүтүү деп аталат жана ал сенин эже-сиңдилериңе жетүү укугунан ажырап калышына алып келиши мүмкүн,fear,,
eesazi0,"I'm with you, pulju has been looking dangerous lately","Мен сенин жагыңдамын, пулжу акыркы убакта коркунучтуу көрүнүп жатат",fear,,
eelo4e4,The fact that this being brought up makes it a real scary feeling.,Бул теманын жалпы эле чыгышы чындап коркунучтуу сезим жаратат.,fear,,
edzr4bj,"indeed, but im worried that this matchup will end up as the biggest bait since years and rookie will crush him badly","Туура, бирок бул матч жылдар бою болгон эң чоң тузак болуп калышынан коркуп жатам, жана новичок аны катуу талкалап кетет",fear,,
edj7nrf,That's the reason I am terrified to wear contacts on duty. I'm afraid it'll get stuck between my contacts and eyes and destroy my pupils.,"Кызматта линза кийгенден коркоор себебим ушул. Линза менен көздүн ортосуна кирип калып, карегимди бузуп салат деп чочуйм.",fear,,
ednr7vr,I'm worried that [NAME] throwing away a future career by running for President.,"[АТ]тын президенттикке талапкер болуп, келечек карьерасын таштап жатканынан тынчсызданам.",fear,,
ed3towk,I'm so afraid to weigh myself. I'm gonna have to do it soon though 😭,Өзүмдү таразалагандан абдан коркоm. Бирок жакында кылышым керек болот 😭,fear,,
ee7zchq,Now my mental image is narrowed down to a big imposing woman or a spidery woman that scares me just to be around.,"Азыр менин элесим эки нерсеге чейин кыскарды: бою зор, коркунучтуу аял же жанында болсоң эле коркутчу, өрмөкчүдөй ичке аял.",fear,,
ed2rftc,Disney World/Land or NYE at Time's Square have always made me nervous.,Disney World/Land же Таймс-Скверде Жаңы жыл дайыма мени нервдентирип келген.,fear,,
ee6fu0y,I was worried about that too honestly,"Чынын айтсам, мен да ошондон тынчсыздандым.",fear,,
eemvd5h,Scary stuff.,Коркунучтуу нерсе.,fear,,
eehpn6k,I know 😢 it’s one of my life’s goals to see a moose in real life despite how terrified I will be lol!!,"Билем 😢 канчалык коркутса да, реалдуу жашоодо лось көрүү — менин өмүрлүк максаттарымдын бири, лол!!",fear,,
ed5m6ii,"[NAME] no, these are horrid on anyone.","[АТ] жок, булар эч кимге жараша бербейт.",fear,,
ede5aoj,"Matchroom squad dismiss [NAME] as not existing anymore, the sky media influence is scary ","Matchroom командасы [АТ]ды жок болуп кетти дешет, Sky Media'нын таасири коркунучтуу.",fear,,
eeo4b7n,"Couldn't really fit this as a ""how to,"" does that mean I have to go to jail now? Source: ","Муну чындап ""кантип жасоо"" форматына кийгизе алган жокмун, эми мага түрмөгө отурушум керекпи?",fear,,
eetjm9k,Worrying what other people think is what collectivists have brainwashed you to think and feel. You are just a coward making excuses for your cowardice.,"Башкалардын эмне ойлоганына кабатырлануу — бул коллективисттер мээңди жуугандын натыйжасы. Сен жөн гана коркок болуп, коркоктугуңа шылтоо издеп жатасың.",fear,,
eeywwvq,Maybe it's as dangerous for [NAME] to whip people up talking about treason and betrayal and all that as it is when [NAME] do it. Fancy that.,"Балким, [АТ]тын саткынчылык жана опузалоо жөнүндө айтып адамдарды козутуусу, [АТ] ошол эле нерсени жасаганы сыяктуу коркунучтуу чыгар. Карачы сен.",fear,,
ed2d2vo,"This was the one post that truly frightened me about the insane left. They are a cult, and not on our side.","Бул пост мени акылдан адашкан солчулдар жөнүндө чындап коркутту. Алар культ, жана биздин тарапта эмес.",fear,,
eedpdip,Only children are scared to take trains by themselves ...oh wait.,"Поезд менен жалгыз жүрүүдөн коркогондор бала гана... оо, күт.",fear,,
ee2s7o7,That's what I'm afraid of but I don't have a lot of free time so it would never work.,"Менин да корком ушундан, бирок бош убактым аз болгондуктан, бул эч иштебейт.",fear,,
eegvp8x,He said this awhile ago. His splits away from coors scares me.,Ал муну бир топ мурун айтты. Анын Coors'тон ажырашы мени коркутат.,fear,,
edqa5t2,Oh my gosh! That light house!! Its terrifying!!,Вай кудай! Ал маяк!! Коркунучтуу!!,fear,,
efh1hit,Stuff like this makes me worry a little less about the future generations.,Мындай нерселер мени келечек муун жөнүндө бир аз азыраак тынчсыздандырат.,fear,,
edbe4la,I find sativa makes me paranoid/anxious as hell. Indica calms me down more. Smoking too much of any strain makes me anxious by time though,"Менин байкоомдо, сатива мени параноид/ой-жайымды жоготот. Индика бир аз тынчтандырат. Бирок каалаган сортту өтө көп чеккенде убакыт өтсө тынчсыздандыра баштайт.",fear,,
edq6shj,That movie really scared me when I was a kid.,Ал кино мени балалыгымда чындап коркутчу.,fear,,
edha3ny,"Jfc, that's depressing.","Jfc, жүрөктү кысат экен.",fear,,
ee2bd7a,"It was a terrible, terrible thing to do. He did every day of his time for it, has expressed regret, and has not repeated it.","Бул өтө жаман, өтө жаман иш болчу. Ал муну үчүн бүт мөөнөтүн өтөдү, өкүнүчүн билдирди жана кайталаган жок.",fear,,
eefng6q,I couldn't reply to the message I got the other day,Жакында алган билдирүүмө жооп бере алган жокмун.,fear,,
edb492j,They're so scared,Алар абдан коркуп жатышат.,fear,,
ee1whj3,I am getting so nervous watching this,Муну карап абдан нервдениp жатам.,fear,,
eeafduc,"Either way, I am afraid his marriage is over. She doesn't respect him anymore...","Кандай болбосун, анын үй-бүлөсү бүттү деп коркуп жатам. Ал аны мындан ары урматтабайт...",fear,,
eeked6o,Oh my [NAME] I saw the rocks below the dog and feared the worst!,"Оо, [АТ]! Иттин астындагы аскаларды көрүп, эң жаманын ойлоп коркуп кеттим!",fear,,
eewz4os,All of season 6 is terrible,6-сезондун баары жаман.,fear,,
eepw0vr,I’m afraid it will eventually go that way.,Акыры ошол жакка барып калат деп коркуп жатам.,fear,,
efe4769,Please don’t murder me,"Өтүнөм, мени өлтүрүп салбачы",fear,,
ef6ixuj,I hope this guy got found and fired. That's way too dangerous. He could have easily killed someone.,"Үмүт кылам бул жигитти таап, жумуштан кууп чыгышты. Бул өтө коркунучтуу. Ал кимдир бирөөнү оңой эле өлтүрүп салышы мүмкүн эле.",fear,,
eeqnulq,I'm kinda afraid to ask but did anyone reply?,"Сурагандан бираз коркуп жатам, бирок кимдир бирөө жооп бердиби?",fear,,
ee2uzwc,"Quitting porn only helped with my performance in bed, other than that I’m still anxious as hell in social spots ","Порнону таштагандан кийин төшөктө гана жакшырды, башка жагынан коомдук жерлерде дагы эле жинди деңгеелде тынчсызданып жатам",fear,,
edy973x,Maybe so. Should I try to ask her about it? I'm worried that will only scare her more,Мүмкүндүр. Ал тууралуу андан сурап көрүшүм керекпи? Бул аны дагы коркутуп коёт деп кооптонуп жатам,fear,,
ed19v8l,"Threaten to release....welp , nothing coming from this.","Чыгарып саламын деп коркутуу... э, андан эч нерсе чыкпас.",fear,,
efbonni,[NAME] here...that guac looks horrible,[АТ] бул жерде... ал гуак жийиркеничтүү көрүнөт,fear,,
eemohlb,"As a democrat, even I am afraid of a super majority. ","Демократ катары, менин өзүм да супер-көпчүлүктөн коркуп жатам.",fear,,
ef4rggn,Its almost as if everyone is too afraid to be politically incorrect to admit that height and race are a factor.,Дээрлик баары саясий туура эмес болуп калуудан коркконунан бой жана улут фактор экенин моюнга алгысы келбегендей.,fear,,
edfval6,I'm so gay I can't even drive straight - a bumper sticker older than most redditors,"Мен ушунчалык геймин, түз да жүргүзө албаймын — редиторлордун көбүнөн эски бампер стикер",fear,,
ef14jkh,I got a lot of withholding to throw me into anxiety.,Мени тынчсызданууга ыргытып жибере турган жашырын нерселер жетиштүү болду.,fear,,
eetb83b,[NAME] made me like a sleep walker.. I did things I didn't remember doing. Scary.,[АТ] мени уйкучу сыяктуу кылып салды.. Эс тутпаган нерселерди жасаптырмын. Коркунучтуу.,fear,,
ef1xiyl,I'm scared to do these cuz the S.A.G.E. told me I was a transvestite,"Буларды жасоодон коркуп жатам, анткени S.A.G.E. мага трансвестит экенимди айтып койду.",fear,,
edtokt7,"Oh, those dreadful things. I gave those away.","О, ошол жийиркеничтүү нерселер. Берип койдум аларды.",fear,,
edjgenn,I was scared of my room and even when I fell asleep in my bed I would sleep walk into my mom's room,"Өз бөлмөмдөн коркчумун, уктап калсам да уйкучулап апамдын бөлмөсүнө кирип кетчүмун.",fear,,
eeg7x55,I’m uncomfortable just looking at her.,Ага карасам эле жайсыздык сезем.,fear,,
eeljynq,What a terrible list,Канчалык жаман тизме.,fear,,
eeoh73g,People tremble in fear of the name Rupple Poopels 😂,Rupple Poopels деген атынан адамдар дүрт этип калтырашат 😂,fear,,
eecno7w,You seem horrible,Сен жаман экенсиң.,fear,,
eddiml0,That’s a terrible amount of bp for 11 kills,11 өлтүрүү үчүн бул bp өтө жаман.,fear,,
eeldfra,I thought this was a torb skin and I was about to die,"Мен муну торб скин деп ойлодум, дээрлик өлүп кетчүдөй болдум",fear,,
ef5zl3r,My worst fear when I finally get over someone Those damn what ifs,"Бирөөдөн акыры чыгып кетсем, менин эң чоң коркунучум — ошол жексур ""эмне болмок эле"" деген ойлор",fear,,
edg64zs,Super creepy. And leaving the note is out of line,Абдан жийиркеничтүү. Кат калтыруу — бул чектен чыккандык,fear,,
ed16okv,[NAME] was horribly inconsistent this year,[АТ] быйыл абдан туруксуз болду,fear,,
edmmpmc,Something would go terribly wrong for [NAME] causing him to have to leave. It’s how his ability works.,"[АТ]га бир жаман нерсе болуп, ал кетүүгө аргасыз болот. Анын күчү ушундай иштейт.",fear,,
eduxjqv,The dryer sounds like a fire hazard to me.,"Менимче, бул кургатгыч өрт коркунучу болуп турат",fear,,
eed2ew5,Being so gullible is the frightening part. durr da durr he downvote me,"Мынчалык ишенгич болуу — мына эмне коркунучтуу. дурр да дурр, мени минус коюп жатат",fear,,
ee1r7x8,She’s horrible,Ал жаман,fear,,
edh5sbx,I'm scared for her. The Saudi government has proven to be very brazen in its disrespect for international law.,Мен анын үчүн коркуп жатам. Сауд Арабиясынын өкмөтү эл аралык укукту ачыктан-ачык сактабай келгенин далилдеди.,fear,,
ee1pydm,"But terrible people is my ""type""","Бирок жаман адамдар — менин ""типим""",fear,,
edzfs49,It was funny until they started to diss on chick fil a,Алар Chick-fil-A-ны жамандай баштаганга чейин күлкүлүү эле,joy,,
ee4igqv,Ok ill get right on that. I have all day to hunt. Thanks for the quick reply.,"Макул, азыр эле аткарам. Бүтүн күнүм бар, издей берем. Тез жооп бергениңе рахмат.",joy,,
edmp10i,"So happy for you, enjoy ","Сен үчүн абдан кубанычтамын, ырахаттан!",joy,,
ef8aaba,"Yes, you’re right. Thank you for your kind words.","Ооба, туура айтасың. Жылуу сөздөрүң үчүн рахмат.",joy,,
eepfpfw,This has already been posted on this subreddit but thanks.,"Бул сабреддитке мурунтан эле жайгаштырылган, бирок рахмат.",joy,,
edjpnmp,I have a lot of unopened DM’s but thanks,"Менде жооп берилбеген DM-дер толуп жатат, бирок рахмат",joy,,
edotlwk,I've grown to love this idea the more I think about it. It'd be amazing if it came down to [NAME] and [NAME] as the final two,"Бул идеяны ойлонгон сайын барган сайын жактыра баштадым. Акыркы экөөсү [АТ] менен [АТ] болсо, укмуштуу болмок эле",joy,,
ed02l8f,You’re so young! I hope things improve for you. Stick to you plan.,Сен абдан жашсың! Жагдайың жакшырарына үмүтүм бар. Планыңдан кайтпа.,joy,,
ee3s6cc,I work with food - being able to eyeball tbs for recipes is an odd perk I never thought about. Thank you.,Тамак-аш тармагында иштеймин — рецептер үчүн ас кашыкты көз менен чамалай билүү — мен эч качан ойлобогон кызык артыкчылык экен. Рахмат.,joy,,
eda8yr3,Also thank you for the link.,Шилтеме үчүн да рахмат.,joy,,
edd3p8l,motivated me to get up and pet my boy [NAME]. we don't realize pets are fininte... i hope you find you peace,"мени ордумдан туруп, балам [АТ]ты жакшылап сыйпоого шыктандырды. Биз үй жаныбарларыбыздын убактылуу экенин сезбейбиз... тынчтыгыңды тапкайсың деп тилейм",joy,,
eexvmrc,"Hell, I'm saving your Reply. Enjoy being the first in my list!","Оо, жообуңду сактап коюм. Тизмемдеги биринчи болуп жүр!",joy,,
ef8hdk6,Our future overlords are learning how to walk and help out around the house. Growing up so fast they are. Remember that I love you,Биздин келечектеги башкаруучуларыбыз жүрүүнү жана үй жумуштарына жардамдашууну үйрөнүп жатышат. Канчалык тез өсүп жатышат. Сени сүйөрүмдү унутпа,joy,,
eeawdya,All good brother,"Баары жакшы, бауырым",joy,,
een48ez,Tf happened to him? You just said thanks LOL,Ага эмне болду эле? Жаңы эле рахмат дедиң го ЛОЛ,joy,,
efdcz7e,OP literally said guys like [NAME] are not unicorns and not hard to find. They never said [NAME] was the ultimate standard lol,ОП түздөн-түз [АТ] сыяктуу жигиттер сейрек эмес жана табуу кыйын эмес деди. Алар эч качан [АТ] эң жогорку стандарт деген жок лол,joy,,
eewej91,"If you can get out to Banff, I highly recommend Nourish Bistro. Incredible vegetarian/vegan food... even meat eaters like myself love it!","Банффка барсаң, Nourish Bistroну катуу сунуштайм. Укмуштай вегетариандык/веган тамак... мен сыяктуу эт жегендер да сүйүп кетет!",joy,,
ee3ha8m,Likely. Just let him take every single shot all night and see what happens.,"Мүмкүн. Жөн эле ага бүтүн түн бою ар бир атуу жасатып коюп, эмне болорун карайлы.",joy,,
edxhnln,Yeaaahhh... *blushes*,Оооо... *кызарат*,joy,,
edfsnyt,I like this area when I go to the aquarium. It's a nice rest spot,Аквариумга барганда бул жерди жакшы көрөм. Эс алуу үчүн сонун жер.,joy,,
ee1bllh,Fine. I hope he has a fine wife and she’s fine if he shall need to pay a fine.,"Жакшы. Анын жакшы аялы болсун деп үмүттөнөм, жана ал айып пул төлөшүнө туура келсе, аял да жакшы карасын.",joy,,
ee5uymk,"i love [NAME] and [NAME] so much, but... [NAME], my dudes.","Мен [АТ] менен [АТ]ды абдан жакшы көрөм, бирок... [АТ], достор.",joy,,
ee5y25t,That is one of the things I’m most excited for in S2. Seeing him playing [NAME] and go off like this so effortlessly is amazing,Бул S2де мени эң кызыктырган нерселердин бири. Анын [АТ]ды мынчалык жеңил ойноп кетип жатканын көрүү таң калыштуу.,joy,,
edi2z3y,I filed for divorce this morning. Hoping he moves out in the next day or so.,Бүгүн эртең менен ажырашуу документтерин тапшырдым. Ал бир-эки күндүн ичинде чыгып кетет деп үмүттөнөм.,joy,,
edy9obj,"[NAME] was the 4th best RB in the game, behind [NAME], [NAME], and [NAME]","[АТ] оюндагы 4-орундагы RB болгон, [АТ], [АТ] жана [АТ]дан кийин.",joy,,
eem2jb0,"multicultural makeup'? There's the indigenous people, the [NAME], and the illegal settlers, don't make me laugh ","""Көп маданияттуу макияж""? Жергиликтүү эл, [АТ]дар жана мыйзамсыз жерлешкендер бар, мени күлдүрбөйсүңбү.",joy,,
ef706no,Ahh. Both of those are very good. Hope you enjoy them as much as I did.,Оо. Экөө тең абдан жакшы. Мен сыяктуу эле ырахаттанасың деп үмүттөнөм.,joy,,
eeasea5,"I remember being so excited when we got AAA back, even though it cost us Fournier...man, that sure went south. #ThanksShaw","АААны кайра алганда канчалык кубанганымды эсиме алам, бирок ал бизге Фурньеге турду... ой, иш ойдогудай болбоду. #РахматШоу",joy,,
edol556,How do you get locked up by [NAME] lol,[АТ] сени кантип кармап алды лол,joy,,
ef210xk,"Congratulations, you can into geolibertarianism","Куттуктайм, геолибертаризмге ""кирип кеттиң""",joy,,
ef1je1r,"u/-adamsmith perfect troll account name, but at least he united all of r/MLS. Thanks for teaming up, everyone.","u/-adamsmith — идеалдуу тролль аккаунтунун аты, бирок жок дегенде ал бардык r/MLS'ти бириктирди. Бириккениңер үчүн рахмат, баарыңарга.",joy,,
efdcg93,Lol. It's funny cause people might do it.,"Лол. Күлкүлүү, анткени адамдар аны чынында кылып коюшу мүмкүн.",joy,,
eel3cf5,I lived across the street from it as a child. Used to swim in it as a kid...Ignorance is bliss.,Бала кезимде анын каршысында жашаганмын. Бала чакта анда сүзүп жүрчүмүн... Билбестик — бакыт.,joy,,
ee3fnf6,"Thank [NAME] you used this prequel quote and not, “You’re exactly the way I remember you in my dreams.”","[АТ], бул преквел цитатасын колдонгонуңарга рахмат, ""Сен кыялымда эстегендей эле экенсиң"" деп айтпадыңар.",joy,,
edp6qsw,"Not one single figure anywhere to be seen. Reminds me of auld Soviet propaganda. ""The harvest is up"" ""People happier than ever""","Эч жерде бир да цифра жок. Эски Совет пропагандасын эстетет. ""Эгин өстү"" ""Эл эч качан мынчалык бактылуу болгон эмес""",joy,,
ednni7u,Love the username,Никиң жаккан мага,joy,,
eek3fq2,That's sick I love your setup! Have a great tour bud!,"Бул кереметтей! Сенин орнотууң сонун! Гастролуң жакшы өтсүн, дос!",joy,,
ed9uyom,"Thank you for understanding. We don't want to be mean, but the rules must be enforced at all levels for all participants. Good luck with your endeavors!","Түшүнгөнүңүз үчүн рахмат. Биз катаал болгубуз келбейт, бирок эрежелер бардык деңгээлде бардык катышуучулар үчүн аткарылышы керек. Ишиңизге ийгилик!",joy,,
edu9tv3,ahhhhh no how dare i have morals of course the most important thing is that my favorite football team has a better special teams coordinator,"аааах жок кантип мага принциптер болсун, табигый эле эң маанилүү нерсе менин сүйүктүү футбол командамда жакшыраак атайын команда координатору болушу керек",joy,,
ef8pznw,Lol you got us there hahahahahaha way cheaper too,"Лол, таптадың бизди хахахахаха андан да арзандыраак болуп чыгат",joy,,
ee4ov86,Lol this never gets old,"Лол, бул эч качан жалыктырбайт",joy,,
ed37w41,Race idealists are ridiculous.,Расалык идеалисттер күлкүлүү.,joy,,
edjij1v,I really love watching this one more than the goals.,Мен муну голдордон да бетер карагым келет чынында.,joy,,
ednyo7p,why not? standing to me isn’t as everything i need is on the floor lol,"эмне үчүн жок? мага туруунун кажети жок, анткени мага керек болгон нерселердин баары жерде лол",joy,,
ef1xe34,You're welcome! :),Өтүнбөңүз! :),joy,,
eev9ogc,"I wish you luck anyway lmao, and don't think so down of yourself, i believe you'll do great ","Кандай болсо да ийгилик каалайм лмао, өзүңдү начарсытып ойлобо, сен чоң иш кыласың деп ишенем",joy,,
effka4d,I said this somewhere else.. but I swear that man in the hood is caucasian... But that was actually hilarious,"Муну башка жерде да айттым.. бирок ант ичем, капюшондогу ал адам кавказдык... Бирок бул чынында эле өтө күлкүлүү болду",joy,,
efgt3eq,Because it was smh lol,Анткени ошондой болду smh лол,joy,,
edb24u6,Thanks mrs—mr [NAME],Рахмат айым—мырза [АТ],joy,,
edx52br,a partner of mine made it -- it's just about my favorite meme ever,аны менин шериктешим жасады -- бул менин эң сүйүктүү мемим болсо керек,joy,,
eezxebz,"I’ve been there and it’s above a highway, feel like that might raise some eyebrows haha","Мен ал жерде болгонмун, ал автожолдун үстүндө жайгашкан — бул кимдир бирөөлөрдүн кашын жогору чыгарат окшойт хаха",joy,,
eeabsgl,I hope it sticks for a while. I don’t have super even skin but I can’t stand wearing foundation.,"Үмүт кылам, бир аздан бери кармап турат. Менин терим өтө тегиз эмес, бирок тон крем жакшы сүртүнө алчудай эмесмин.",joy,,
ed4om9w,"Nope, midwest. I'd bet there are a bunch of shops with the same stuff though. P.S. I love your name!","Жок, Орто Батыш. Ошондой эле дүкөндөр жетиштүү болушу мүмкүн. P.S. Атыңыз абдан жакты!",joy,,
eegg1lk,*tomorrow Thank you for this.,*эртең Бул үчүн рахмат.,joy,,
eekvt6q,so basically free money for those wealthy enough to take vacations annually. wonderful.,"демек, жыл сайын эс алууга байлыгы жеткендер үчүн акысыз акча. укмуш.",joy,,
eda9ahb,I know right? Getting that wrong would’ve de-railed the joke.,"Туура дейсиңби? Аны туура эмес айтышса, чечмек бүт жок болуп кетмек эле.",joy,,
ee3dh16,Good layup [NAME] now just try not to get completely lost on defense haha,"Жакшы ыргытуу [АТ], эми коргонууда такыр адашып калбаска аракет кыл хаха",joy,,
ed7kpld,I laugh every god damn time.,Ар жолу өлүп-өчүп күлөм.,joy,,
eeva1gn,Pretty sure he's just quoting a song lyric lol source:,Ал жөн гана ырдын сөздөрүн келтирип жатат окшойт лол булак:,joy,,
edwneja,"Thank you! We’re currently shoveling ourselves out of the driveway, hopefully well be going there soon","Рахмат! Азыр жолду кар күрөөп жатабыз, үмүт кылам жакында ал жакка барып жетебиз",joy,,
efgwcp4,"I didn’t know that existed. Thanks, stranger.","Мындай нерсе барын билген эмем. Рахмат, бейтааныш.",joy,,
ee4si1n,"No-no-no-noooo Besides, [NAME] is not a bachelor. He is so in love with himself already","Жок-жок-жок-жооок! Мындан тышкары, [АТ] бойдок эмес. Ал өзүн-өзү ошондон эле жакшы көрүп жүрөт",joy,,
edry705,I'm also enjoying it I like mixing the colors the most.,Мен да жакшы көрүп жатам. Мага эң жагышы — түстөрдү аралаштыруу.,joy,,
ede9b2e,"Girl we been knew she's been telling us another album is on it's way since thank you, next","Кызым, биз мурундан эле билчүбүз, ал бизге ""thank you, next""тен бери жаңы альбом жолдо деп айтып жатпайбы",joy,,
ee25bk6,"Ah yes. Recursion. The backbone of Marxist theory. Glad you brought it up, chap","Ооба-ооба. Рекурсия. Марксисттик теориянын негизи. Жакшы болду, достум, эстедиң",joy,,
ee9i426,Am love u,Сүйүм сени,joy,,
edjgkgy,Lol i highly doubt it. A third grader did that photoshop job,"Лол, ишенбейм. Ол фотошопту үчүнчү класс окуучусу жасаган",joy,,
eez3dvy,I think it may be interesting if the public could vote for films.,"Менимче, жалпы коом фильмдерге добуш бере алса, кызыктуу болмок.",joy,,
ee0qtvd,Sounds good ya I'll have to listen to those. Thanks,"Жакшы угулат, ооба, аларды угушум керек. Рахмат",joy,,
efeis4u,Okay I can see this looking really cool for a festival or photos though 😄,"Окей, бул фестивалда же сүрөткө түшүүдө чынында эле сонун көрүнөт экен 😄",joy,,
eebz5iw,I love it. She really snapped.,Мага абдан жакты. Ал чынында эле жарылды.,joy,,
eds3vyq,>Ordinary Men by [NAME] Thanks for the recommendation. Got it ordered on kindle from Amazon.,">[АТ]тын ""Ordinary Men"" китеби",joy,,
ed4qysw,That’s exactly how my non-union electrical company works ... it’s the funniest unfunny joke,Менин союзсуз электр компаниям да дал ушундай иштейт... бул эң күлкүлүү болгон күлкүсүз тамаша,joy,,
eehan6v,"My kids (and yes, I as well) love [NAME] metal version.","Менин балдарым (ооба, мен да) [АТ]тын металл версиясын сүйөт.",joy,,
ef7e94x,thank you so much please subscribe,"чоң рахмат, жазылып алыңыздар",joy,,
eef39ec,"If this is true, then we should be having kids out the ass","Эгер бул чын болсо, анда биз балдарды кыл-кыл тууп жатыш керек болчу",joy,,
eead56i,"Peace and love, my brother!","Тынчтык жана сүйүү, бир тууганым!",joy,,
eerx6td,"Thank god, you're right. At least this idiocy didn't stick around long.","Кудайга шүгүр, туура айтасың. Жок дегенде бул акмактык узакка созулбады.",joy,,
eeidsi6,Trust your gut,Ички сезимиңе ишен,joy,,
eeeh4g9,Good luck with that one,Жолуң болсун анда,joy,,
eekgi19,I am inexplicably excited by [NAME]. I get so excited by how he curls passes,[АТ] мени эмне үчүндүр ашыра кызыктырат. Анын пасттарды кантип ийрейтери мени дал ошол нерсеге чаптырат.,joy,,
edgubu5,I would really love to hear you expound on your idea of “truth”.,"""Чындык"" жөнүндөгү идеяңды кеңири баяндасаң абдан жакшы болмок эле.",joy,,
eep5zdy,Lol all those people that disliked have probably never even done shrooms before,"Лол, жакшы көрмөй баскандардын баары, балким, грибди эч качан ооздорунан өткөрбөгөн",joy,,
ef88hpw,Thank [NAME] can we need more guys healthy,"Рахмат [АТ], бизге дагы ден-соолуктагы жигиттер керек",joy,,
edkskky,I hope it goes just as well. Good luck.,Ошондой эле жакшы өтсүн деп каалайм. Ийгилик!,joy,,
eelmd52,"Just remember we’re all silly looking, gangly monkey things living on a rock floating through nothing, all trying to be cool. Have fun","Баарыбыз да сырт кебетеси жаман, чыбык бойлуу маймыл сыяктуу жандармыз — бош мейкиндикте сүзгөн ташта жашайбыз, баарыбыз крутой болгубуз келет. Кызык болсун!",joy,,
ee3tzdh,I’m convinced WB is more of a pain than it’s worth. Good luck making adjustments during the semester. I feel your pain.,WB азапка гана татыйт экен деп ишендим. Семестрде өзгөртүү киргизүүдө ийгилик. Сезимиңди жакшы түшүнөм.,joy,,
edg66lk,Noted. Thanks for the suggestion!,Белгиледим. Сунуш үчүн рахмат!,joy,,
ef0b0js,Would love to share this on twitt and FB ...,Муну твитке жана ФБка жайгаштырсам абдан жакшы болмок эле...,joy,,
ef81sax,I’m so glad I have my own car,Өзүмдүн унаам бар экенине абдан кубанып жатам,joy,,
ede2zgs,Rip I guess.... Hope op does that Also happy cake day!,Кайгырабыз го.... Оп да ошондой кылат деп үмүттөнөм. Торт күнүңүз менен да!,joy,,
eefr2qg,"I got over 900 responses, so it is taking more time that I expected, hopefully will be done by this Sunday.","900дөн ашык жооп алдым, ошондуктан күткөнүмдөн көп убакыт кетип жатат, жекшембиге чейин бүтөт деп үмүттөнөм.",joy,,
eeuk7c2,Thanks for the sauce boss,"Маалымат үчүн рахмат, босс",joy,,
ee1fnks,/u/897w346354365fdddfs said: > You're funny You're shilly,/u/897w346354365fdddfs деди: > Сен күлкүлүүсүң Сен шилсиң,joy,,
ef147n1,Here Hope that helps!,Мына! Жардамы тийет деп үмүттөнөм!,joy,,
edzcvz2,"True to the first, I hope to the second.","Биринчисине — чын, экинчисине — үмүттөнөм.",joy,,
ed549ds,Lol they were trying so hard to get that viral,"Лол, алар аны вирал кылуу үчүн ушунчалык аракет кылышты",joy,,
ee6megc,"Interesting, thanks!","Кызыктуу, рахмат!",joy,,
eefd54x,Thank you for your post. I will always treat him the same,Постуңуз үчүн рахмат. Аны дайыма ошондой эле карайм,joy,,
ee9w16m,i hope kawhi doesnt step foot outside its cold af today,"Кавхи бүгүн сыртка чыкпасын деп үмүттөнөм, бүгүн суук деген суук",joy,,
ed19t6a,Anything is a dildo of you're brave enough,"Эгер жүрөгүң жетсе, баары дилдо",joy,,
ee8ektp,That makes me feel even pettier. Thanks!,Бул мени дагы да майдалай түшүрөт. Рахмат!,joy,,
eeb4yor,Thanks man 🙏🏽,"Рахмат, бро 🙏🏽",joy,,
ed8d2gu,"Pressing Q everytime garrosh tries to throw someone helps tho, if u wanna play support, play like one, thanks","Гарроштун бирөөнү ыргытмакчы болгондо Q басуу жардам берет, саппорт ойногуң келсе, саппорттой ойно, рахмат",joy,,
editvs0,[NAME] always makes my day when he's yelling at the refs,[АТ] рефериге кыйкырганда дайыма күнүмдү жарык кылат,joy,,
eeztbjr,I get wound up over completely imagined conversations too 😅 I'm trying to meditate and learn to stop myself from going down the rabbit hole.,"Мен да таптакыр элестетилген сүйлөшүүлөрдөн чулу чыгып кетем 😅 Медитация кылып, өзүмдү ошол капканга кетпей токтотууга үйрөнүп жатам.",joy,,
eez85aq,Already I can can hear the screaming and howling of the neoliberal right. They will amuse me.,Неолибералдык оңчулдардын кыйкырык-жылоосун буга чейин эле угуп жатам. Алар мени жубантат.,joy,,
edcxflh,why thank you!,"ой, рахмат!",joy,,
ee76h8j,THANK YOU!!! I’ve been trying to figure out his name,РАХМАТ!!! Мен анын атын табалбай жүргөм,joy,,
efh90p6,Besides the fact that's it's funny she also looks like me witch makes it .5% funnier,"Бул күлкүлүү болгонунан тышкары, ал мага да окшойт, бул аны дагы 0.5% күлкүлүү кылат",joy,,
ed7gszf,Thanks I hate it.,"Рахмат, жек көрөм.",joy,,
ed2ojyo,"I go “thank you very much, come agaaain”. /s and I’m Indian","Мен ""чоң рахмат, дааагы келиңиз"" деймин. /s жана мен индиялыкмын",joy,,
ef5knae,"I'm so happy to hear you've recovered. Can I ask: are you able to maintain a healthy, stable romantic relationship?","Айыгып кеткениңизге абдан кубандым. Сурасам болобу: ден соолуктуу, туруктуу романтикалык мамилени сактай аласызбы?",joy,,
eeauuo3,"Here for [NAME], love this.","[АТ] үчүн келдим, муну жакшы көрөм.",joy,,
edfxi3j,"Thanks man, likewise for you","Рахмат, досум, сага да ошондой",joy,,
edwxogj,I enjoyed this TED talk.,Бул TED сүйлөшүүсүнөн ырахат алдым.,joy,,
eemw7v7,"yeah, i believe thats the only moving part in the whole device.","ооба, менимче бул бүтүндөй түзмөктүн жалгыз кыймылдуу бөлүгү.",joy,,
ed6eu9k,Im having a terrible day and you made me laugh thank you,"Мен өтө жаман күн өткөрүп жатам жана сен мени күлдүрдүң, рахмат",joy,,
edxkngj,I just googled the thing. Yeah thats it! I might have described it incorrectly but that looks very similar. Thanks!,"Жаңы эле гуглдан издедим. Ооба, ошол! Туура эмес сүрөттөгөн болушум мүмкүн бирок абдан окшош. Рахмат!",joy,,
efdar6x,thats life lol,ушул турмуш да lol,joy,,
eeg2k08,Let's all go to Dragon Laaaaaand!,Баарыбыз Dragon Lааааааandка барабыз!,joy,,
efc1onq,Thanks for reminding me to never live in NYC,NYC'де эч качан жашабасым үчүн эске салып койгонуңа рахмат,joy,,
eeuoxtq,I love your collection and want to play with it! p.s. am 40,"Жыйнагыңды сүйөм, ал менен ойногум келет! p.s. 40да болсом да",joy,,
eev6dth,"Like I said, most loved and most hated for now. We'll all get over it eventually. ","Айтпадым беле, азырынча эң сүйүктүү жана эң жек көрүлгөн. Баарыбыз акырында мунун үстүнөн өтөбүз.",joy,,
ef0o4mh,"Counter's clean, you're welcome!",Прилавок таза — сүйүнгүлө!,joy,,
ee65m8u,"For you, the day the bison frolicked in the snow was the cutest time in your life, but for me...it was Tuesday. ","Сен үчүн бизон карда ойногон күн өмүрүңдөгү эң сүйкүмдүү учур болгон, бирок мен үчүн... ал жөн гана шейшемби болчу.",joy,,
ef3kw72,"Ah I see, thanks for the insight","О, түшүндүм, пикириң үчүн рахмат",joy,,
edt8ypp,I love how he’s still smiling while being eaten,Жегиле жатканда дагы жылмайып жатканын сүйөм,joy,,
effb669,the future is now old man,"келечек азыр, карыя",joy,,
eedsd0d,"I'm a university student and even though I have a job, I'm going to find out about this at school. Thanks for the tip!!","Мен университет студентимин, жумушум болсо да, университетте бул жөнүндө билип алам. Кеңешиң үчүн чоң рахмат!!",joy,,
edvsicp,"Now I'm imagining him responding to your dirty talk with an enthusiastic ""yummy!""","Азыр анын сенин кызуу сөздөрүңө ынтаалуу ""даамдуу!"" деп жооп берерин элестетип жатам",joy,,
ede4rb6,I love that place I actually went their for my prom pictures,"Мен ал жерди чоң жакшы көрөм, чын эле прому сүрөттөрүмө ошол жерге барган элем",joy,,
edtvs78,ya lol i’m not here to depress myself more than i already am,"ха лол мен мурунтан эле өзүмдү кайгыртып жатам, андан да ашыра кетишим жок",joy,,
eetjbwc,[NAME] has a fun instagram,[АТ]тын инстаграмы кызыктуу экен,joy,,
edbo3pj,"Not gonna lie, I LOVE pneumatic tubes. This is now my next vacation plan.","Чыны менен айтсам, мен пневматикалык түтүктөрдү АБДАН ЖАКШЫ КӨРӨМ. Эми бул менин кийинки эс алуу планым.",joy,,
edhb7vy,Great! I hope we can make our loan system work better,Жакшы! Биздин насыя системабызды жакшыраак иштете алабыз деп үмүттөнөм,joy,,
edfd28g,Shared misery *always* makes me feel better :D,Ортоктошкон кайгы *дайыма* жакшы сездирет :D,joy,,
ed7bg7i,It's honestly the best news I've heard all season.,"Чынын айтсам, бул бүтүн мезгилде угуп жаткан эң жакшы жаңылыгым.",joy,,
ed3p9im,"Lol, the delusion is strong.","Лол, элес күчтүү экен.",joy,,
ee91zq8,Oooo thanks! Hopefully I’ll be home from work by then!,Оооо рахмат! Ошол убакка чейин иштен үйгө жетип калармын деп үмүттөнөм!,joy,,
ed31yif,Lmfao i don't know why this is so funny,Лмфао эмне үчүн бул ушунча күлкүлүү экенин билбейм,joy,,
edm0jr1,I love the smell of Napalm in the morning,Мен эртең менен напалмдын жытын жакшы көрөм,joy,,
eegnxi7,Love your username,Никиңди жакшы көрөм,joy,,
ee7xr9e,Gahs that’s so sweet,"Вай, бул ушунча таттуу",joy,,
ee8yrcy,Fingers crossed. Its the chosen people and not the choice people for a reason.,"Бармактарды кармап жатам. Себепсиз эмес — тандалган эл бар, тандоо эли эмес.",joy,,
eeu7oxg,"I'm gonna think of a jojo reference for every situation, just you wait reddit. Just you wait...","Мен ар бир жагдай үчүн джоджого шилтеме таап алам, жөн гана күтүп тур reddit. Жөн гана күтүп тур...",joy,,
ee4igo1,My heart is broken for this woman... I really hope she finds the strength to leave him,Бул аял үчүн жүрөгүм сынды... Анын андан кетүүгө күч табышын чын дилден каалайм,joy,,
edni63g,old school from back when we won the cup,Кубокту уткан кезден калган эски мектеп,joy,,
ed1kgx2,u/TheQTVain praying for your little fighter. Hope everything goes well and he comes out in good health. Stay strong and let [NAME] do his thing ❤️,"u/TheQTVain кичинекей жоокериң үчүн дуба кылып жатам. Баары жакшы болуп, ал соо-саламат чыгышын үмүт кылам. Бекем бол жана [АТ] өз ишин кылсын ❤️",joy,,
eek1bh8,Welcome to the new normal.,Жаңы кадимкиге кош келиңиздер.,joy,,
eeabck9,Sorry about that. I hope the fix is more appropriate. Thank you!,Кечирип коюңуз. Оңдоо туурарак болду деп үмүттөнөм. Рахмат!,joy,,
ef8xsy3,Nah man [NAME] gets made fun of more than anyone lmao,"Жок ла, [АТ] баарынан көбүрөөк мазакталат лмао",joy,,
efemt0g,[NAME] got a thing for redheads? [NAME] would love to have a word with you.,[АТ]дын чач кызылдарга адаты барбы? [АТ] сен менен сүйлөшкүсү келет.,joy,,
ed5nfbd,I loved [NAME]. She was too fine. [NAME] and [NAME] too. S1 babes were the best.,Мен [АТ]ды жактырчумун. Ал өтө сулуу болчу. [АТ] жана [АТ] да. 1-сезондун кыздары эң жакшысы болчу.,joy,,
eeppb46,"212/62 actually, lol. Good to know it's a metro-wide issue!","Чынында 212/62, лол. Бул метро боюнча жалпы маселе экени жакшы!",joy,,
eehzn4l,Thank you for your concern fellow conservative,"Кайгырганыңыз үчүн рахмат, кесиптеш консерватив",joy,,
eeurq9x,No longer in LA but I really hope he can get reelected!,"Мен Лос-Анжелесте жашабайм, бирок аны кайрадан шайлашат деп чын жүрөктөн үмүттөнөм!",joy,,
ef236od,Thank you all for the karma I’ve gotten!,Берген карма үчүн баарыңарга рахмат!,joy,,
ed4ws17,It is crazy to me that there are even people in this sub that think [NAME] isn't worth his contract.,Бул сабредитте [АТ] контрактына арзыбайт деп ойлогон адамдардын болушу мени чынында таң калтырат.,joy,,
eea8gqa,"Luckily you can see the Big 5 within about 45 minutes from Joburg, so get the car and Google some activities. Loads of fun to be had. ","Бактыга жараша, Йобургдан болжол менен 45 мүнөттүн ичинде ""Беш Улуу""ну көрүүгө болот, ошондуктан машина алып, Google'дан иш-чараларды издеп кор. Абдан кызыктуу болот.",joy,,
edwje6f,He happily accepts the hugs. He hugs me now and again. He also has no problem accepting hugs from his mum.,Ал кучакты кубанычтуу кабыл алат. Кээде мени кучактайт. Апасынан да кучак алууга эч каршылыгы жок.,joy,,
eda5wrg,Thanks for calling me an idiot... was definitely necessary.,Мени аңкоо деп атаганыңа рахмат... аябай зарыл болчу.,joy,,
eerzxfz,The thought that the armed forces of the US unironically use it is hilarious.,АКШнын куралдуу күчтөрү муну чынында колдоно берет деген ой күлкүлүү.,joy,,
ed41tx4,"That's why everyone loves you, you're a joke club. ","Ошон үчүн баары сени жакшы көрөт, сен — күлкү клубусуң.",joy,,
efdnp3s,Thanks for the advice!,Кеңеш бергениңе рахмат!,joy,,
edeyvv9,Lol i love this person,"Лол, мен бул адамды сүйөм",joy,,
ef12vos,Hell yeah! I can't wait for the rust to break off and for people to be as excited as they were years ago.,"О, ооба! Дат кетип, адамдар жылдар мурункудай кызыгышын шыдыра күтө албай жатам.",joy,,
eeodhhw,Crayfish. thank you! this cord was from an old beam-type smoke detector.,Рак. рахмат! бул зым эски нур-типтеги түтүн детекторунан болгон.,joy,,
eeo8xtq,Being gilded makes people’s days better. I love this.,Алтын алуу адамдардын күнүн жакшыртат. Мен муну жакшы көрөм.,joy,,
edlp71w,Hopefully you're ok now & doing some good stuff,"Үмүт кылам, азыр жакшы болуп, жакшы нерселер кылып жатасың.",joy,,
eez8mcs,Happy Birthday!,Туулган күнүң менен!,joy,,
eejwkyw,"OOF, well if im dancing with someone i dont really look at their crotch so im pretty surd ur fine. How old are u","УФ, эй, мен бирөө менен бийлегенде алардын ошол жерин карабайм, ошондуктан сенде баары жакшы деп ойлойм. Канча жашта болдуң?",joy,,
effy4oe,I am so blessed to be a lesbian.,Мен лесбиян болгоном үчүн өзүмдү абдан бактылуу сезем.,joy,,
ed8t8hd,LOL to your family,Үй-бүлөңө ЛОЛ,joy,,
ee5rbmj,Hahaahahaaha I’ve almost completed the online story but i only have 3 gold bars so far lmao,"Хааааахаха, онлайн окуяны дээрлик бүттүрдүм, бирок азырынча 3 алтын таяк гана бар лмао",joy,,
eexx0lb,"Thank you. I've been correcting the record for triggered authoritarians for a minute! ""Mah taxes""","Рахмат. Триггерленген авторитарларга бир топ убакыттан бери жооп берип жатам! ""Менин салыктарым""",joy,,
eesv6eg,"Thank you, next! ","Рахмат, кийинкиси!",joy,,
edluf0z,Thanks for sharing! I've got some smoothie recipes to start me out and the one I bought today at a local shop seemed to help a bit.,Бөлүшкөнүңүз үчүн рахмат! Баштоо үчүн смузи рецепттерим бар жана бүгүн жергиликтүү дүкөндөн сатып алганым бир аз жардам берди.,joy,,
edniae4,> but to say that it will fuck up your mind is simply ignorant lolol k.,> Бирок бул сенин мээңди бузат деп айтуу жөн эле надандык лолол к.,joy,,
ed4d9uw,"Thank you, trust me I'm extremely glad.","Рахмат, ишениңиз, мен абдан кубанычтамын.",joy,,
efgog45,It's always nice to tell someone a pleasant story before they go to sleep.,Бирөө уктаардан мурун ага жагымдуу бир окуя айтып берүү дайыма жакшы.,joy,,
efabn9i,Thank you. I really appreciate the help,Рахмат. Жардамыңды чын жүрөктөн баалайм.,joy,,
efeijug,Lol no wonder it's so expensive. I've been wondering if his developers are taking him for a ride.,"Лол, ушунча кымбат болгону таң эмес. Анын разработчиктери аны тоготпой жатабы деп ойлонуп жүрдүм.",joy,,
ednw91y,Thanks! I had a more standard name but then realized I didn't want to be findable on Reddit.,"Рахмат! Мурун жөнөкөйрөөк ник алгам, бирок Редиттен табылгым келбегенин түшүндүм.",joy,,
eec73kj,I am now weirdly aroused,Азыр мен кандайдыр кызыгып/козголуп кеттим,joy,,
efaxjh2,To me the cringe is the American woman's love for his fascism. (since no one knew what was happening to the [NAME] in 1936),Мен үчүн кринж — бул америкалык аялдын анын фашизмине болгон сүйүүсү. ([АТ]га 1936-жылы эмне болуп жатканын эч ким билбегендиктен),joy,,
edijml4,oh. i didnt know that. ty,оо. билген эмесмин. рхмт,joy,,
eemwhnd,That would have been a funny had we never made playoffs,"Эгер плей-оффко чыкпаганыбызда, бул жөн эле күлкүлүү болмок эле",joy,,
ef54m3e,Thanks for your addition! I didn’t know any mercy players who made good content for her so I left her out. Appreciate it!,"Кошумчаң үчүн рахмат! Mercy боюнча жакшы контент чыгарган ойноочуларды билбегем, ошондуктан аны кирбей калтырдым. Баалайм!",joy,,
ede3vyo,You dont know how much that boosted my self-esteem right now. Thank you stranger,"Бул азыр менин өзүмө болгон ишенимиме канчалык таасир эткенин билбейсиң. Рахмат, бейтааныш.",joy,,
ed689ui,"Okay, thanks. Dont wanna get banned want my rewards from commendation thing.","Окей, рахмат. Банга кабылгым келбейт, мактоо нерседен сыйлыктарымды алгым келет.",joy,,
ee6n1cr,"Lol, it seems like your projecting your own problems on me","Лол, өзүңдүн көйгөйлөрүңдү мага таңуулап жатасың окшойт",joy,,
eeuobn9,Wow!! very funny,Вау!! абдан күлкүлүү,joy,,
ee1eauo,I like these kinds of multicultural projects. Very much in line with my feels about South Africa.,Мага мындай көп маданиятчыл долбоорлор жакат. Түштүк Африка жөнүндөгү сезимдеримге абдан дал келет.,joy,,
eeh1tbz,Yeah I meant it has a cork in it. Sorry for the confusion haha,"Ии, айтайын дегеним анын ичинде тыгын бар экен. Түшүнбөстүк үчүн кечирим хаха",joy,,
eem9ry0,"I was joking about the flowers, BTW. I love flowers.","Гүлдөр жөнүндө тамаша кылып жаттым, айтмакчы. Мен гүлдөрдү жакшы көрөм.",joy,,
ef4byfb,Aight thanks bro for the insight,"Жарайт, рахмат бро, пикир үчүн",joy,,
ef8fdtx,I laughed so hard.,Мен абдан катуу күлдүм.,joy,,
ed9y743,"Yeah, hopefully the lesson learned from this is that our level of airport security is stupid and unnecessary and not that [NAME] is risking another 9/11 ","Ооба, үмүт кылабыз бул жерден алынган сабак — аэропорттун коопсуздук деңгээли акылсыз жана керексиз экендиги болсун, [АТ] дагы бир 9/11 коркунучун туудуруп жатат деп эмес.",joy,,
eeam5rd,This was very helpful to me. Thanks for explaining it so well.,Бул мага абдан пайдалуу болду. Мынчалык жакшы түшүндүргөнүң үчүн рахмат.,joy,,
edprpzj,"ah, thanks!","аа, рахмат!",joy,,
eev07fq,[NAME] is legit! Loving this move.,[АТ] чыныгы! Бул кадамды жактырып жатам.,joy,,
ed49zxy,"holy shit I got mad at those 4 points you made [NAME], playing [NAME] like that would be literally hell.","кокуй жо, [АТ] айткан ал 4 пунктка чын эле ачуум чыкты, [АТ]ты ошондой ойнотуу сөзмө-сөз тозок болмок.",joy,,
efe4ldm,This guy is a hack lmao,Бул жигит шылуун экен лмао,joy,,
ee4hhqi,So satisfying chucking a spear and getting a few guys with one throw. Also I loved the bow in this game,Найза ыргытып бир ыргытуу менен бир нечесин чабуу абдан жагат. Ошондой эле бул оюндагы жааны жакшы көрдүм.,joy,,
eedexhh,THANK YOU SOMEONE SAID IT!!,РАХМАТ АКЫРЫ БИРӨӨ АЙТТЫ!!,joy,,
ef7ityh,Your dog is soooo cute,Сенин итиң өтөөөөн сүйкүмдүү,joy,,
eeml4oh,"When the player is reasonable with his demands and the team is reasonable with their offer, magic stuff can happen.","Оюнчу өз талаптарында акылдуу болсо жана команда өз сунушунда акылдуу болсо, сыйкырдуу нерселер боло алат.",joy,,
ed01usz,Seriously. I legit laughed at this.,Чынында эле. Чын эле күлдүм буга.,joy,,
efamq4e,Jajaja (hahaha),Хахаха,joy,,
edo7c6e,"I was never a [NAME] guy, though he was CERTAINLY my 2nd choice. But I deeply love and empathize with this... ","Мен эч качан [АТ] жактоочу болгон эмесмин, бирок ал ЧЫНДАП эле менин 2-тандоом болчу. Бирок муну терең сүйүп, жакшы түшүнөм...",joy,,
eed5me2,mmmmm.... love me some kapusta with some bacon bits,мммм.... бекон кесиндилери менен капустаны жакшы көрөм,joy,,
edeelro,Boiled peanuts are my happy food.,Кайнатылган жержаңгак — менин кубанычтуу тамагым.,joy,,
eezaats,If you find it I'm definitely sending it to my sibling. There's a special love for the weird in my family,"Эгер тапсаң, аны бир туугануума жөнөтөм. Биздин үй-бүлөдө кызыктарга өзгөчө сүйүү бар",joy,,
edo7k1s,One of the comments on that video: “Cat: I’ve waited far too long.” Hahaha,"Ал видеодогу комменттердин бири: ""Мышык: Мен өтө узак күттүм."" Хахаха",joy,,
eeu30n3,"Haha Not like this in my experience, but I guess it's different in USA","Хаха Менин тажрыйбамда мындай эмес, бирок АКШда башкача болот окшойт",joy,,
eejatcj,If only I could bake a cake...or do anything productive when I'm feeling low confidence. I just lay in my bed and stop moving.,Өзүмдү ишенимсиз сезгенде торт бышырып же бир нерсе пайдалуу жасай алсам эле... Жөн гана жатып алам да кыймылдай бербейм.,joy,,
eeaos40,Thank you! Well put I am not the best at putting my thoughts into words so well said thank you that was the point I was going for!,"Рахмат! Жакшы айттың, мен ойлорумду ушунчалык жакшы сөзгө айта алабы дебейм, ошондуктан рахмат, мен дал ошону айткым келген!",joy,,
efaja60,happy cake day.,торт күнүң менен.,joy,,
edlsc37,Just for recreational use? Glad you are having a change of mind though,Жөн гана эс алуу үчүн бе? Кандай болсо да пикириң өзгөргөнүнө кубандым,joy,,
ef2oxto,I’m positive he’s going to leave her,Так айтам — ал аны таштап кетет,joy,,
edio3l8,Thank you for sharing!,Бөлүшкөнүңө рахмат!,joy,,
ed1259o,"She’s just not that into you, that’s what I think. You need to find an HL girlfriend and go have fun. ","Ал сага анчалык кызыкпайт, менин оюм ушул. HL кыз тап да, мазаңды ал.",joy,,
ef4b88t,True but I think we should be able to strike a deal for less than 50-60m which is worth it in today's market imo,"Туура, бирок менимче 50-60м'ден азыраакка келишим жасай алабыз, бүгүнкү рынокто ого тургу имо",joy,,
ednqmrb,Wow. She just risked her life and interfered with the process of natural selection. Hopefully she gets eaten next time,Вау. Ал жаңы эле өз өмүрүн коркунучка тикти жана табигый тандалыш процессине кийлигишти. Кийинки жолу жеп коюшсун деп үмүттөнөм,joy,,
ed1qabw,Always down for some Liverpool love,Ливерпульга болгон сүйүүгө дайыма даярмын,joy,,
ee78a0x,My coffee burned its way through my nostrils. Thank you!,Кофем мурдумдан өтүп кетти. Рахмат!,joy,,
eedujvp,Thanks for the advice,Кеңешиң үчүн рахмат,joy,,
ef3e7t5,I’m glad you’re safe now and nothing bad happened!,"Эми коопсуз экениңе абдан кубанычтамын, эч нерсе болбогонуна!",joy,,
eed14fg,I was expecting this to go MUCH worse than it did and I’m so glad my imagination wasn’t right.,"Мен бул алда канча жаманыраак аяктайт деп ойлогом, жана менин элестетүүм туура чыкпаганына абдан кубанычтамын.",joy,,
edpqodb,Good luck. Netflix restricts known VPN IP ranges. Your best bet is a buddy with Open VPN server stateside and open vpn client app on your device.,"Ийгилик. Netflix белгилүү VPN IP диапазондорун бөгөйт. Эң жакшы вариант — АКШда Open VPN сервери бар досуң болсо, ал эми түзмөгүңө OpenVPN клиент колдонмосун орнотуу.",joy,,
eepstjs,This is exactly what I was looking for! Thank you so much!,Мен дал ушуну издеп жүргөм! Абдан чоң рахмат!,joy,,
ee3cy98,Ballroom Blitz. Thank me later.,Ballroom Blitz. Кийин ыраазычылык билдирерсиң.,joy,,
eeyibw0,That sounds really interesting.,Кызыктуу угулат.,joy,,
eczvupb,Thanks!!,Рахмат!!,joy,,
eerla6a,Nyaw :) imagine all the nice things he’ll have to brag about you to his next target.,Жаным :) анын кийинки курмандыгына сен жөнүндө кандай сонун нерселерди мактанышы керек болорун элестет.,joy,,
eetkmlr,"Lol valid question, but yes. We've been using the bf and gf terminology for about 5 months.","Лол туура суроо, бирок ооба. Биз бф жана гф терминдерин болжол менен 5 айдан бери колдонуп жатабыз.",joy,,
ee9flsk,"I haven't ever considered my dense moments could be hormonal! That sounds like something I'd do, haha.","Менин томпок учурларым гормоналдык болушу мүмкүн деп эч качан ойлобогом! Мен ошондой кылаар элем, хаха.",joy,,
edzaz8b,Haha I should probably clarify it was family owned and managed,"Хаха, аны үй-бүлөгө таандык жана башкарылган деп айтып коюшум керек болчу.",joy,,
edcytj0,"i hope you get fired or rejected from your job for some stupid arbitrary reasons, maybe then you'll wise the fuck up","Үмүт кылам, сени иштен бир чоп, эч кандай себепсиз кубалашат же кабыл алышпасын — мүмкүн анда акырында мээңди иштетип алаарсың.",joy,,
eczsbhe,"I love this meme, killem with memes","Бул мемди сүйөм, аларды мемдер менен жок кыл",joy,,
efh6oic,Everytime I get to hug someone.,Кимдир бирөөнү кучактай алган сайын.,joy,,
eelracf,I feel like I know her. Is this Tampa by any chance?,Аны тааныгандай сезем. Бул Тампа эмеспи?,joy,,
eddp6k5,"Mmmm, I sure do love some Vaseline on a hot piece of toast in the morning. ","Мммм, эртең менен ысык нанга Вазелин жагып жейм, ушуну чындап жакшы көрөм.",joy,,
ef9xw88,Well when ever you want to see her check the cahpters she is in :) haha,"Аны көргүңүз келсе, ал болгон бөлүмдөрдү карасаңыз болот :) хаха",joy,,
eev0ufb,"Ah so gang rapes aren't a thing anymore, eh? Glad to hear that. ","Оо, демек топтук зордуктоо болбой калды да? Жакшы экен.",joy,,
edry9su,"That explains it, I rarely report people anymore This Khajit informs the other Khajit that it is welcome","Бул түшүндүрөт, мен мындан ары адамдарды сейрек арызданам. Бул Хаджит башка Хаджитке кош келгенин айтат",joy,,
ef9x470,THIS. Thank you for this.,ДАЛ УШУ. Бул үчүн рахмат.,joy,,
ed2yumt,Thanks very much. This is helpful,Чоң рахмат. Бул жардамдуу болду,joy,,
ed3iulz,"I hope so and I think they have the ability to, but I just have a bad feeling that they won't.","Үмүт кылам, жана алар жасай алат деп ойлойм, бирок алар жасашпайт деген жаман сезим бар.",joy,,
eeru861,Eso me cae bien. I was just thinking that contending to make the playoffs in a few years was a depressingly low goal.,Бул мага жакты. Бир нече жылдан кийин плей-оффко жетүүгө аракет кылуу өтө эле кайгылуу пас максат экен деп ойлоп жатыптырмын.,sadness,,
edt6gd0,"I was looking forward to seeing the new predator, this (the concept, not the spoiler) would have made me dissapointed, yet intrigued","Жаңы Predator'ду зарыгып күтүп жаттым, бул (концепция, спойлер эмес) мени кыжырдантмак эле, бирок кызыктырмак да эле.",sadness,,
edtq4w8,"I know you can’t read this, but I feel really bad and hope you learn to read soon ","Бул окуй албасыңды билем, бирок жаным чынында өтө ооруп жатат жана тезирээк окууну үйрөнүп кетишиңди каалайм.",sadness,,
ee7toae,That was my mistake. It should only show your First Name and The 1st letter of my last name.,Бул менин катам эле. Сенин атың жана менин фамилиямдын биринчи тамгасы гана көрүнүшү керек болчу.,sadness,,
edep5ck,This hurts me.,Бул мени ооруттат.,sadness,,
ed6510j,Our knight in shining armor. I'll miss those high socks,Ак зирехчен биздин баатырыбыз. Ал бийик байпактарды сагынам.,sadness,,
ee7eze4,I wanna die I don't wanna live anymore I really wanna die so bad Please return me to the dark abyss I long for death’s sweet kiss,"Өлгүм келет, жашагым жок, чынында эле өтө катуу өлгүм келет, мени кайра ошол карааңгы түпсүз тереңдикке кайтарып коюңдарчы, өлүмдүн таттуу өбүшүн зарыгып күтөм.",sadness,,
ee18ddj,Missing this roster 😢😢😢,Бул курамды сагынып жатам 😢😢😢,sadness,,
ed257m4,Sorry the cognitive dissonance is too much for you. Why don't you go back to listening to Nickelback? It'll make you feel better :),Когнитивдик диссонанс сага өтө эле оор болуп кеткенине өкүнөм. Nickelback уксаңчы? Жакшыраак сезесиң :),sadness,,
ef1aht3,"I'm sad, but I just want a new Metroid game, and if this is what it takes to make it great then I understand","Капалуумун, бирок жаңы Metroid оюнун гана каалайм, эгер ушул аны мыкты кылуу үчүн керек болсо, анда түшүнөм.",sadness,,
edjykp7,"You're just lonely, dude. Don't mix that feeling with love.","Сен жөн гана жалгызсың, досум. Ошол сезимди сүйүү менен аралаштырба.",sadness,,
eez2guh,"Sorry bb :( I understand that feeling all too well, haha","Кечир, бб :( Мен ошол сезимди өтө жакшы билем, хаха",sadness,,
eczf1nt,There's not enough salt in the world for her!,Дүйнөдөгү бардык туз да ага жетпейт!,sadness,,
eduqpn7,"I can't pluck it, hurts too much. So every few days I shave a strand of hair on my chin.","Жулуп ала албайм, өтө ооруйт. Ошондуктан бир нече күн сайын ийегимдеги бир кыл чачты кырып жатам.",sadness,,
ef0c4kq,"You think that hearing deathcries is **funny** ? Personally, hearing cries of pain and dispair don't cause me enjoyment, but I guess I'm a weirdo.","Өлүм кыйкырыктарын угуу **күлкүлүү** деп ойлойсуңбу? Жеке мен үчүн азап жана үмүтсүздүктүн кыйкырыктарын угуу ырахат бербейт, бирок мен окшойм жиндимин.",sadness,,
eeu9ykt,At least you can admit you missed it,Жок дегенде сагынганыңды моюнуна алаласың,sadness,,
ede11ux,"Auch, that's gotta hurt...","Оу, ооруйт экен...",sadness,,
ef4lp09,Na. Rediting my post. Sorry for the ignorance.,Жок. Постумду оңдоп жатам. Надандыгым үчүн кечирим.,sadness,,
edbc5y5,Last couple countries that tried that got destroyed by international communists.,Муну аракет кылган акыркы өлкөлөр эл аралык коммунисттер тарабынан жок кылынды.,sadness,,
edcjfei,Can't relate because the sadness and loneliness is constant 😎,"Түшүнө албайм, анткени кайгы жана жалгыздык дайыма менен 😎",sadness,,
eeq586j,Actually there are some terminals now that let you disable it lmao. Very sad.,Чындыгында азыр кээ бир терминалдар аны өчүрүүгө мүмкүндүк берет лмао. Өтө кайгылуу.,sadness,,
eec56ry,Huh.. Well that ruins it :/ At least the cats fine,"Хм.. Оо, бул баарын бузуп салды :/ Жок дегенде мышык жакшы",sadness,,
ee2lqnl,"We had a baby, it's hard to find the time to take them down.","Бизде бала болду, аларды алып чыгуунун убактысын табуу кыйын.",sadness,,
eeiwjzp,"Ironic. He could save others from death, but not himself.","Ирония. Ал башкаларды өлүмдөн куткара алган, бирок өзүн эмес.",sadness,,
edsjq7t,Sorry for your loss mate,"Жоготконуңа кайгырам, дос",sadness,,
ee9ef98,I killed them for the first time in my most recent playthrough and regretted it. The replacement council sucks just as hard.,Мен аларды акыркы оюнумда биринчи жолу өлтүрдүм жана өкүндүм. Алмаштыруу кеңеши да ошончолук начар.,sadness,,
ef9yfro,It just seems extremely insensitive to say that. That’s the real problem. It invalidates the other person’s suffering.,Муну ушундай айтуу абдан сезимсиздик болуп көрүнөт. Чыныгы маселе ушул. Бул башка адамдын азабын жокко чыгарат.,sadness,,
edra4ga,"Bro, highmountain looking sick","Бро, Хайтаун крутой көрүнөт",sadness,,
eeddf0d,Well they called and said there was a pricing discrepancy and they could not honor it. 😭 sad day.,"Алар чалышып, баада айырма бар жана аны сактай алышпайт дешти. 😭 кайгылуу күн.",sadness,,
eej5h7h,This kid now: fun yay hahoo This kid as a grownup: I regret everything,Бул бала азыр: кызык йей хахоо Бул бала чоңойгондо: мен баарына өкүнөм,sadness,,
ef9grtq,I never used the word mean. Chill. I said weak and it is. Its sad aswell.,"Мен эч качан ""жаман"" деп айткан эмесмин. Тынч бол. Мен ""алсыз"" дедим жана ошондой. Муңдуу да.",sadness,,
ef2ymse,I'm a danger to myself,Мен өзүм үчүн коркунучтумун,sadness,,
edmd9tg,I’ve been hurt too many times for it all to have been for nothing,"Мени өтө көп жолу жараладышты, мунун баары бекер болуп калышы мүмкүн эмес",sadness,,
eenk9pr,Any time. I’m sorry you’re going through this. Just don’t drink your emotions like I did.,Каалаган убакта. Мунуну башынан өткөрүп жатканыңа өкүнөм. Жөн гана мен сыяктуу эмоцияларыңды ичпегин.,sadness,,
eddlk54,I’m sorry Mr. [NAME],"Кечиресиз, мырза [АТ]",sadness,,
een1hr9,"I know, pain in the asses.","Билем, башка тийгичтер.",sadness,,
eeo4ndj,I'm getting old. :/,Карып баратам. :/,sadness,,
ef3ip3n,"Oh dear, The combination of drugs, alcohol and a cell phone has caused many regrets. ","Ой-бой, дары-дармек, алкоголь жана уюлдук телефондун айкалышы көп өкүнүчтөргө алып келди.",sadness,,
ef520o7,We are usually way worse in the 3rd tbf,"Адилет болуп айтсак, биз адатта 3-бөлүктө алда канча начар болобуз",sadness,,
edc6whb,I had smoothies in the past with these packets. Solid as fuck. Dragonfruit one too.,Мурда ушул пакеттер менен смузи жасагам. Абдан зор болгон. Питахяныкы да.,sadness,,
ed78e1j,Too late with having it back. I really did'nt have much back then. So I had a really hard time too.,Кайтарып берүү өтө кеч болду. Ошол кезде мендин дагы эч нерсем болчу эмес. Ошондуктан мен да абдан кыйналдым.,sadness,,
ee6nuu3,"Bhahaha! I’m sorry, that sounds awful.","Бхахаха! Кечир, бул абдан жаман угулат.",sadness,,
edncooe,"It means that [NAME] campaign colluded, contrary to them saying otherwise. Sorry if you voted to advance Russian interests.","Бул [АТ] кампаниясы астыртан кол алышканын билдирет, алар башкача деп жатканына карабастан. Орус кызыкчылыктарын алга жылдыруу үчүн добуш бергениңизге өкүнөм.",sadness,,
eeihbvo,"Eh, loser. It’s sad how some people don’t care about their relatives.","Э, аласалак. Кээ бир адамдардын туугандарына кайдыгер болушу кейиштүү.",sadness,,
edjuq7n,I really liked this but holy shit I miss my AR shots compared to like 1440 or even 1600,"Бул мага абдан жакты, бирок ай жаа, AR кадрларымды абдан сагындым, 1440 же 1600 менен салыштырганда",sadness,,
eetpdun,You really shouldn’t just pat wolves you know...,"Карагын, карышкырларды жөн эле сылабаш керек эле...",sadness,,
edlpzp9,"As an [NAME], I apologize for the cranky old conservatives who are probably making ridiculously uninformed comments about your country right now :/","[АТ] катары, учурда сиздин өлкөңүз жөнүндө акылсыз комментарийлер таштап жаткан каардуу карыя консерваторлор үчүн кечирим суранам :/",sadness,,
ef40dbx,"I stand corrected, my apologies to the mods. I'd personally like to see more banned or removed but at least they handled the most egregious.","Туура эмес экен, кечирим, модераторлор. Жеке өзүм дагы бандалгандарды же өчүрүлгөндөрдү көбүрөөк көргүм келмек, бирок жок дегенде эң оорлорун чечишти.",sadness,,
eeiylfw,Well that’s sad. It might’ve been funny if it was fake.,"Ооба, бул кейиштүү. Жалган болсо, күлкүлүү болмок эле.",sadness,,
eercauq,Poor crack baby 😥,Бечара крек наристе 😥,sadness,,
edeyqzc,"I did too. A shame, because it looks to be a good movie otherwise.","Мен да. Уят, анткени башкача жакшы кино болуп көрүнөт.",sadness,,
ee6gugz,"It was pretty heart breaking, then the council came out and said they weren't going to collect them. Made a lot of people mad. ","Абдан жүрөктү эзди, андан соң кеңеш чыгып, аларды чогулта тургандарын айтпады. Көп адамды ачуулантты.",sadness,,
ef0qtux,I feel sorry for this little girl. She's legitimely scared.,Бул кичинекей кызга жаным ачыйт. Ал чынында эле коркуп жатат.,sadness,,
edbufq5,"No, sadly it was from a different person, thankfully not the original poster though.","Жок, өкүнүчтүүсү, башка адамдан болгон, бирок шүгүр, баштапкы жазган адамдан эмес.",sadness,,
ee7ay1h,"What do you mean strap around the bulls nuts?!,!? Sorry not into rodeo things ","Букадын шарларынын айланасына байлоо деп эмнени айтасың?!?! Кечир, родео нерселери мен үчүн эмес",sadness,,
eczwlf5,it's not but damn i'm sorry to hear how common this is,"жок, бирок каргыш, муну канчалык кеңири таралганын уккан өтө өкүнүчтүү",sadness,,
eeya7pf,I hate it when mom and dad fight.,Апа менен ата урушканда жек көрөм.,sadness,,
edj2o0u,"Oh good grief! Put it away, [NAME].","Оо, кудай ай! Жашыр аны, [АТ].",sadness,,
edc0h4a,That's a really good one too. I am pretty upset to learn how limited my vocabulary is,"Бул да абдан жакшы. Менин сөздүк байлыгым канчалык чектелүү экенин билип, абдан капаландым",sadness,,
ef881cv,Her accent!! I died.,Анын акценти!! Өлдүм.,sadness,,
eeukvst,"Yeah probably should've chosen a better sub, but I couldn't think of one","Ооба, жакшыраак sub тандаш керек болчу, бирок башка эч нерсе акылыма келген жок",sadness,,
edl79um,A girl that ugly only liking me isn't a compliment its an insult and it shows [NAME] hates me,"Ошондой сүйкүмсүз кыздын жактыруусу — мактоо эмес, кемсинтүү, бул [АТ] мени жек көрөрүн көрсөтүп турат",sadness,,
efg2bx0,Im so sorry,Мен абдан өкүнөм,sadness,,
eet6c20,"[NAME] is so rational, I’d just cry really hard if my parents spent all my college money 💰 ","[АТ] абдан акылдуу экен, менин ата-энем студенттик акчамды жумшап алса, мен катуу ыйлап ийчүмүн 💰",sadness,,
edw4l47,Oh that’s so sad that she thinks anyone cares about her opinion,"Оо, ал кимдир бирөө анын пикирине маани берет деп ойлосо — бул абдан аянычтуу",sadness,,
ee5v1je,My bad if I just leaked /u/keypuncher and /u/ibiteyou 's Christmas card photo...,"Менин күнөөм, эгер /u/keypuncher жана /u/ibiteyou нун Рождество открыткасынын сүрөтүн чыгарып жибердим болсом...",sadness,,
edb1irc,sorry mr brolobo,"кечир, brolobo мырза",sadness,,
ee6wc1x,"Sorry, I’m just so hungry right now ","Кечир, мен азыр абдан ачка болуп жатам",sadness,,
ededips,"Right on [NAME] having a big year, but [NAME] was super disappointing this year.","[АТ] үчүн чоң жыл болду, туура, бирок [АТ] быйыл абдан көңүлдү калтырды.",sadness,,
efhck2d,"They usually do hoss, hence the steak and beer hard to be sad with good food. ","Алар адатта ошентет, hoss, ошондуктан стейк менен сыра — жакшы тамак менен кайгырып болбойт.",sadness,,
edk8xll,Too bad =(,Жаман болду =(,sadness,,
eevo182,Kinda sad to laugh at people who really need serious help.,Чынында жардам керек адамдарга күлүү бир аз кейиштүү.,sadness,,
een85dk,"I’m sorry men, I have failed you. My rigidity was no match for the flaccid effort our boys showed tonight","Кечиргиле жигиттер, мен силерди алдап койдум. Менин катаалдыгым балдарыбыз бу кечеде көрсөткөн жалпак аракетке туруштук бере алган жок.",sadness,,
efdttia,I'd say we should dump him somewhere at sea but the oceans are already pretty polluted... :(,"Аны деңиздин бир жерине таштап кетели дейт элем, бирок океандар болгон менен булганып бүткөн... :(",sadness,,
ef32sdd,I'm literally screaming.,Мен чындыгында кыйкырып жатам.,sadness,,
ee7i3ux,I don’t think I’ve ever seen that many downvotes.,Мурда мынчалык көп дизлайк көрбөгөн сыяктанам.,sadness,,
eec35bb,Overall I'm 'gifted' but my processing speed is still below average,"Жалпысынан мен ""шыктуу"" болсом да, менин маалыматты иштетүү ылдамдыгым дагы эле орточодон төмөн.",sadness,,
ef53bbj,O no shes gonna go after mandy,"О жок, ал Мэндиге тийишет окшойт.",sadness,,
eehs7qw,"Upon the third strike, the ump cried ""Why don't you make like a tree and get outta here!""","Үчүнчү соккудан кийин, судья кыйкырды: ""Дарак сыяктуу эле жок болуп кет!""",sadness,,
efa770d,Spent time with them. Argue with them. Laugh with them. Cry with them. We all get lonely when we are old.,Алар менен убакыт өткөрдүм. Алар менен талаштым. Алар менен күлдүм. Алар менен ыйладым. Бардыгыбыз карыганда жалгыздыкка чалдыгабыз.,sadness,,
eehukh5,>he definitely doesn't value my pleasure this is very sad,">ал менин ырахатымды баалабайт, бул абдан кайгылуу",sadness,,
eecuzmf,It's so focused on the presenter and he is so unengaging it's painful.,"Баары презентерге гана фокустанган, ал болсо ушунчалык жансыз — карап олтуруу азап.",sadness,,
ed8o43a,"""what you want"" is a populated, limited set, and thus discrete.","""эмне каалайсың"" — бул толтурулган, чектелген жыйын, демек дискреттүү.",sadness,,
eder8d1,So unsatisfying that it didn’t end with a pit maneuver.,Пит-маневр менен аяктабаганы абдан жандырбай койду.,sadness,,
eeej9lo,I was thinking it’s sad that a team that hasn’t had a FRP for what seems like a decade has a better record than us.,"Ойлоп олтурсам, он жылдай FRP жок команда бизден жакшы рекордго ээ болушу — кайгылуу экен.",sadness,,
edjk95x,A guy tried to do this in France after the French Revolution. Did not go well.,Бир жигит Француз революциясынан кийин Францияда буга аракет кылган. Жакшы бүтпөдү.,sadness,,
eebm0lx,"already exposed when h2k went 2-16. Sure they didn't have the best players, but going 2-16 means the coaching staff should also shoulder the blame.","h2k 2-16 болгондо эле ачылып калган болчу. Мыкты оюнчулары жок болгону туура, бирок 2-16 болуу — коучтар да жоопкерчилик алышы керек.",sadness,,
efdtorq,Sorry but the majority of console players will agree that he needs nerfed and nerfed hard,"Кечирсеңер, бирок консоль оюнчуларынын көпчүлүгү аны катуу нерф кылуу керек деп макул болот.",sadness,,
edb7ryn,Good deeds don't buy off being shitty. This is why [NAME] is remembered as a monster.,Жакшы иштер жаман болгонуңду жокко чыгарбайт. [АТ] эмне үчүн мелжин катары эстелет — ушундан.,sadness,,
ed1drmx,he’s not happy with me,ал мендан нааразы,sadness,,
ed8guyw,"I've had such bad memories, I remember when I remember bad times now! Haha","Мындай жаман эстеликтерим бар экен, азыр жаман учурларды эстесем эле баары эсиме түшөт! Хаха",sadness,,
ef0mak7,"Δ sorry I completely forgot about these, but yeah you definitely changed my view ","Δ кечир, булар жөнүндө таптакыр унутуп кетиптирмин, бирок ооба, сен менин көз карашымды чынында өзгөрттүң",sadness,,
edctc89,I’m so sorry. <3,Абдан кечирим суранам. <3,sadness,,
effe60h,Youre gonna be really disappointed when you hear [NAME] track with the guy from Degrassi,[АТ]тын Деграсси жигити менен жаздырган трекин уккандан кийин абдан түңүлөсүң,sadness,,
eeocxaj,He is warped by porn. He's got a problem,Ал порнодон бузулган. Анын проблемасы бар,sadness,,
ee95vz0,I'm so broke that I'd take if you're still looking. I'm a guy though.,"Мен ушунчалык акчасызмын, эгер дагы эле издеп жатсаң алам. Бирок мен жигитмин.",sadness,,
eehfyfb,I feel bad for him and [NAME] i hate seeing the OGs fall #UNITEGAMING,"Ал үчүн да [АТ] үчүн да жаным ачыйт, OGлардын кулаганын көрүү жаман #UNITEGAMING",sadness,,
ed7cph7,"Where? Sorry, the link doesn't seem to work!","Кайда? Кечир, шилтеме иштебей жатат окшойт!",sadness,,
ed8lz85,I lost it when all the heroes kept going back and forth into siege range,Бардык баатырлар камал зонасына алдыга-артка кирип чыга берген кезде чыдамым кетти,sadness,,
eeun4uc,i just was disapointed because [NAME] wont have the chance to play with the GOAT. i didnt mean to smh to your comment,Мен жөн гана [АТ] GOAT менен ойноого мүмкүнчүлүк ала албаганы үчүн көңүлүм калды. Сенин комментарийиңе smh баскым жок эле,sadness,,
edbvlh5,"She haven't tried contacting me in 2 years, i guess she lied. Congrats to me, I won the 'miss you more' game. ):","Ал 2 жыл бою мени менен байланышуунун аракетин кылган жок, демек ал жалган айтты. Мага куттуктоолор, ""ким кимди көбүрөөк сагынат"" оюнунда мен жеңдим. ):",sadness,,
ed9xljw,I was so sad when they took SG1 off of Netflix. I guess it’s on Prime now? I need to rewatch that show.,SG1ди Netflixтен алып салганда абдан кайгырдым. Азыр Primeда болсо керек? Ошол сериалды кайта карап чыгышым керек.,sadness,,
eebakgz,"All of the wonder, beauty, and mystery of the world was taken before we even got here.","Дүйнөнүн бардык керемети, сулуулугу жана сыры биз жеткенге чейин эле алынып кеткен экен.",sadness,,
edwk47h,Or perhaps we should look at the bigger problem: mental healthcare in the United States.,"Же балким, чоңурак маселеге кайрылалы: Кошмо Штаттардагы психикалык саламаттыкты коргоо.",sadness,,
ed9x7dz,"I was so hyped after the zach shot, I'm still crying ","Зактын голунан кийин ушунчалык козголуп кеттим, дагы деле ыйлап жатам",sadness,,
eebrnth,"Sorry to hear that, I hope you're doing better now.","Муну угуп кайгырдым, азыр жакшыраак болуп жатасыңдыр деп үмүттөнөм.",sadness,,
edyfvev,Edited : Sorry meant to reply to a post,"Оңдолду: Кечиресиз, постко жооп берейин деген элем",sadness,,
efex9wp,Let their deaths be swift,Алардын өлүмү тез болсун,sadness,,
edtybs0,Had surgery at 3mnths old to fill a pinhole in my back (spinabifida) Cutting myself after some severe postpartum depression,3 айлыгымда арка мийимдеги тешикчени жабуу үчүн операция жасатылды (омурткалык жарык). Катуу мезгил кийинки депрессиядан кийин өзүмдү кестим,sadness,,
eep1un6,I thought it was mildly interesting and don't regret watching it.,Мен муну бир аз кызыктуу деп таптым жана карап чыкканыма өкүнбөйм.,sadness,,
edkic3y,"Didn’t know if you knew, so I was just trying to give context to your statement. Sorry. ","Билесиңби деп билген жокмун, жай гана сөзүңө контекст берүүгө аракет кылдым. Кечир.",sadness,,
eda4rdm,"_warm and fuzzy feelings..._ Damn it, I'm getting all sentimental again...","_жылуу жана жагымдуу сезимдер..._ Каарат, кайра сентименталдуу болуп кетип баратам...",sadness,,
ed6d6jc,"Honestly just tired of this shit, people who'd rather see us tank than push for playoffs. Literally want us to be the fucking Suns.","Чынын айтсам, бул балаадан тажадым, плейоффко жетүүнүн ордуна биздин батып кетишибизди каалаган адамдар. Биздин каарат Suns болушубузду каалашат.",sadness,,
ed86wsu,"like I said, it's painful.","айткандай, оорутат.",sadness,,
ee38t1y,this literally made me sick to my stomach,бул мени сөзмө-сөз жүрөгүмдү айлантып жиберди,sadness,,
edz86do,I feel bad for all those kids whose parents decided to homeschool them so they could be professional HOTS players without all that stupid learning getting in the way.,"HOTS боюнча профессионал оюнчу болсун деп, ал ""акымак окуу"" тоскоол болбосун деп үйдө окутууну чечкен ата-энелердин бардык балдарына жаным ачыйт.",sadness,,
ee9l5e3,Animal Crossing made my wife into a vicious and abusive murderer.,Animal Crossing менин аялымды катаал жана зулум кишинтмерге айландырып салды.,sadness,,
eemsxml,How poignant.,Канчалык тебирентүүчү.,sadness,,
edk5o03,Sorry to be the bearer of bad tidings.,Жаман кабар алып келгениме кечир.,sadness,,
eeprh4z,"Oh, I felt that despondency at the end there. Poor guy. ","О, аягында ошол түңүлгөнүн сездим. Бечара жигит.",sadness,,
eejga22,Hurr durr everyone needs to worry about other people’s problems,"Дурр дурр, баары башкалардын проблемаларына кабатыр болушу керек экен го",sadness,,
ef7btjf,I also relate (and regret),Мен да түшүнөм (жана өкүнөм),sadness,,
eey3opx,My heart broke for him when his wife suddenly passed away. I worried about him with his issues with depression but he seems to be doing okay.,"Аялы кенеттен каза болгондо жүрөгүм сыздап кетти. Депрессиясынан улам кабатыр болдум, бирок азыр жакшы окшойт.",sadness,,
ee2qwse,"Sorry, but [NAME] doesn’t even compare to [NAME].","Кечир, бирок [АТ] [АТ]га жетпейт да.",sadness,,
ee5gt11,Oh no!,"Ай, жок!",sadness,,
eejutcg,"Yeah.. like 30ish BBs deep I don’t think about it twice, just re-jam and be a sad boy. But we are so fucking deep...","Ооба.. 30дай ББ тереңдикте эки жолу ойлонбойм, жөн эле кайра шуваллайм да кайгылуу бала болуп калам. Бирок биз ушунчалык тереңдеп кеттик...",sadness,,
ef8he49,"I regret not grabbing my work laptop today, then I wouldn't have to leave fort blanket until Thursday. ","Бүгүн жумуш ноутбугумду алып келбегениме өкүнүп жатам, анда бейшембиге чейин жууркан бекинишимди таштабайт элем.",sadness,,
ef587ik,"Sorry, but this was already on our front page recently, so I'm gonna have to remove it. ","Кечир, бирок бул жакында эле биздин башкы бетте болчу, ошондуктан алып салышым керек.",sadness,,
eda2azi,"It sucks being unattractive. It pisses me off that there are so many beautiful people in the world, and I ain't one of them.","Сулуу эмес болуу — жийиркеничтүү. Дүйнөдө ушунчалык көп сулуу адамдар барына ачуум келет, а мен алардын ичинде жокмун.",sadness,,
edwvinb,No stop. One Red and yellow team had to be sacrificed for the fortunes of the other. I’m sorry,"Жок, токто. Кызыл-сары командалардын бири экинчисинин багы үчүн курман болушу керек болчу. Кечирим суранам.",sadness,,
edbpaxt,Apologies. My point still stands. A .8% lead is an insignificant majority at best. Saying one demograohic is most of the population is a bit misleading,"Кечирим сурайм. Менин пикирим өз ордунда. 0,8%дык алдыда болуу — эң жакшы дегенде да маанисиз көпчүлүк. Бир демографияны калктын басымдуу бөлүгү деп айтуу бир аз жаңылыштырат.",sadness,,
edwbe7i,"Ok. Progress. Not only I presented more facts, I also asked some questions. Still unanswered, sadly. ","Макул. Жылыш бар. Мен дагы бир катар фактыларды айтып коюмдан, бир нече суроо да бердим. Азырынча дагы эле жооп жок, өкүнүчтүүсү.",sadness,,
ed0ldk7,I really hate ginger ale. With a passion. The scenario in that scene makes me sick to my stomach.,Мен имбирь алеин чын жүрөгүм менен жек көрөм. Ошол сахнадагы жагдай жүрөгүмдү айлантат.,sadness,,
ed0ybr6,"Ah yes January, the worst time of the year at the gym ","О, ооба, январь — жылдын спортзалдагы эң жаман мезгили.",sadness,,
edjudwg,I have endured worse.,Мен андан да жаманды чыдадым.,sadness,,
ef4n4vp,"Unfortunately for you, no one of importance cares about your absurd views. ","Тилекке каршы сага, маанилүүлөрдүн эч бири сенин мессабы жок көз карашыңа маани бербейт.",sadness,,
edbr1y2,they have died here in canada,"Алар бул жерде, Канадада өлдү.",sadness,,
ee4utnt,Ik I’m crying rn,"Билем, азыр ыйлап жатам.",sadness,,
edj4ksx,Leafs would have won this game if it wasn’t for that bullshit overturn.,"Ошол бокко тийгис чечим болбогондо, Лифс бул оюнду жеңмек эле.",sadness,,
ef7vttg,"I'm sorry you fell for the carnie, bro.","Карниге алданганыңа кейиймин, бро.",sadness,,
eergvnb,"I don't really know how to explain because English is not my first language, I'm sorry.","Кантип түшүндүрөрүмдү билбейм, англис тилим өз тилим эмес да, кечиресиз.",sadness,,
eefthh7,The lucky ones died quick,Бактылуулары тез өлдү,sadness,,
eedj3c3,That's one of the only times I've ever felt bad for [NAME]. He was relentless and would not let it go!,"[АТ] үчүн жаман сезген бирден бир учурларымдын бири ошол болду. Ал кое бербеди, туруктуу болду!",sadness,,
eeijud2,"Ope, got a lil chuckle outta me there, sorry","Ой, бир аз күлдүрүп койду, кечиресиз",sadness,,
efbh0dp,Oh. Oh shit. It's you. Sorry you had to see this glorious trainwreck.,О. О жок. Бул сенсиң. Бул керемет апааттын күбөсү болгонуңа кечиресиз.,sadness,,
efgqej9,aw :(,ой :(,sadness,,
eeqazoz,I am sorry but you dont have a saying in this matter. Its up to your parents to solve this.,"Кечиресиз, бирок бул маселеде сенин сөзүң өтпөйт. Муну чечүү ата-энеңдин колунда.",sadness,,
eelmfuk,This hurts my brain,Бул мээмди жарып жатат,sadness,,
eelf9bs,I actually want to die rn. I don't want to watch the SB but I know I'm going to.,"Мен чындыгында азыр өлгүм келет. Супер Боулду көргүм келбейт, бирок көрөөрүмдү билем.",sadness,,
edxcvu6,"Every time, lots of people overwhelm me. I have light sensitivity to florescents so that doesn't help. ","Ар дайым, көп адам мени жутуп жиберет. Флуоресценттик жарыкка сезгичтигим бар, бул да жардам бербейт.",sadness,,
ef4mktw,I miss being practically jello as a kid,Балалыкта дээрлик желе болгонумду сагынам,sadness,,
eehej6e,[NAME] sweetie i’m so sorry,"[АТ] жаным, абдан өкүнөм",sadness,,
edgap30,>[NAME] Well he forgot to save me from the 'word of hella'.,>[АТ] Анда ал мени 'hella сөзүнөн' куткарууну унутуп калды.,sadness,,
eec7j1g,"> Still hard Phrasing. O_o Sorry, I couldn't resist.","> Дагы эле татаал сүйлөм. O_o Кечиресиз, каршы тура алган жокмун.",sadness,,
edd81xa,. The only thing that matters is that [NAME] was murdered and those responsible must pay.,. Маанилүү нерсе бир гана — [АТ] өлтүрүлгөн жана жооптуулар жазасын тартышы керек.,sadness,,
eeh2sfj,"I’m sorry should I have brought my make-up wipes and washed my face during my MRI? Or my ultrasound? Find some peace, man. ","Кечиресиз, МРТмда жатканда макияж өчүргүчтөрүмдү алып келип, бетимди жуушум керек беле? Же УЗИде? Тынч бол, досум.",sadness,,
edueg9v,They need more with more items because I've never been able to get same day.,"Аларда ашыкча буюмдар болушу керек, анткени мен эч качан ошол күнү ала алган эмесмин.",sadness,,
eeq977t,Sorry for all the questions I just find ASPD to be a fascinating disorder. I have BPD SO to me not having emotions sounds like a dream.,"Суроолорум үчүн кечиресиз, мен жөн гана ASPD абдан кызыктуу бузулуу деп эсептейм. Менде BPD бар, ошондуктан эмоциясыз болуу мага кыял сыяктуу угулат.",sadness,,
edlu0w4,"Sorry mate, you’ve got the wrong sub. This is for **bad** UK.","Кечир, жолдош, туура сабды таппапсың. Бул **начар** UKга арналган.",sadness,,
edfka7d,It developed because of my childhood and robbed me of a good bit of good stuff as an adult.,Ал балалыгымдан улам пайда болду жана чоңойгондо жакшы нерселеримди тартып алды.,sadness,,
ee6dauc,It happened in back to back home games earlier this season but hasn’t happened since.,"Бул сезондун башында катары менен үй оюндарында болду, бирок андан бери болгон жок.",sadness,,
ed1mfln,It’s deeply bizarre.,Бул чындап эле абдан странный.,sadness,,
edfot1u,Oh sorry on my phone auto correct. Which does jobs you focus on one person ensuring that they are ok,"О, кечирип кой, телефонумдун автокорректи. Кайсы жумушта бир адамга гана көңүл бурасың, алар жакшыбы деп",sadness,,
ef84ewx,regret unfollowing him...,аны анфолловагандыма өкүнөм...,sadness,,
eebxhxb,I just physically *shuddered* at the idea of redoing middle school..,Орто мектепти кайра өтүш идеясынан денем эле *дүркүрөп* кетти..,sadness,,
ed3k0i8,"Headline had me thinking the guy was currently barricaded in a BK bathroom, demanding they give him free food. But no.","Аталышынан жигит азыр BK туалетинде баррикада куруп, бекер тамак талап кылып жатат деп ойлодум. Жок экен.",sadness,,
ef0rxt3,please don’t make me have to bring up fire emblem in trader joe’s again i can never go back,"өтүнөм мени Trader Joe'сте дагы Fire Emblem жөнүндө айттырба, мен ал жерге кайра кире албайм",sadness,,
ed4pjqr,It started to compute for me when I was “right” all the time but never ended up getting what I wanted.,"Мага баары жайына түшө баштады, мен дайым ""туура"" болгонумда да, эч качан каалаганыма жете алчу эмесмин.",sadness,,
edb1ams,Yep. Been there. Watching my baby crying while vomiting and her eyes looking at me so hurt was hard.,"Ооба. Болгон. Бөбөгүм кусуп ыйлаганда, анын көздөрү мага ооруп карап жатканда — бул өтө оор болчу.",sadness,,
eemfikw,You'd think we don't have anymore tears already... It's been 62 years of crying.,Жашыбыз калбаган сыяктуу... 62 жыл бою ыйлагандан бери.,sadness,,
ed6u9o5,Umm Hmmm. Too bad [NAME] can't be reached via Ouija Board. People really need his help.,"Уу, ооба. Жаман болду, [АТ]га уижа тактасы аркылуу жетүү мүмкүн эмес. Адамдар чынында эле анын жардамына зар.",sadness,,
ed6nzve,You sound like someone who doesnt know what ironic humour is.,Сен ирониялык юмор деген эмне экенин билбеген адамдай сүйлөйсүң.,sadness,,
ee9dodq,You are the parent your grandson deserves. Your daughter will regret the pain she has caused.,Сен небереңдин татыктуу чоң ата-энесисиң. Кызың өзү жараткан азапка өкүнөт.,sadness,,
eeeaxb3,Sorry actually [NAME] runs this one. [NAME] runs the daily wire. Also I didn’t see anywhere in there where she said that,"Кечирим, чынында [АТ] муну башкарат. [АТ] Daily Wire'ды башкарат. Ошондой эле мен анда ал муну айтты деген жерди таппадым.",sadness,,
eelgcmr,"This has happened to me with the girls I tried to connect with irl as well as FA ""lonely"" girls from this very sub","Бул мага реалда байланышуга аракет кылган кыздар менен да, ушул эле subдан FA ""жалгыз"" кыздар менен да болду.",sadness,,
eeu33cz,Ain’t nothin good enough for her,Ага эч нерсе жетишпейт.,sadness,,
eenim63,"screw up phrasal verb of screw INFORMAL•NORTH [NAME] completely mismanage or mishandle a situation. ""I'm sorry, [NAME], I screwed up"" Is a murder mishandling a situation?","Screw up — фразалык этиш. СЛЕНГ•[АТ] кырдаалды толугу менен бузду же туура башкара алган жок. ""Кечир, [АТ], мен бузуп жибердим"" — Киши өлтүрүү кырдаалды туура эмес башкаруубу?",sadness,,
ef83wkk,Be adult Pay taxes to govt Be deemed incompetent by people with different views Feels bad,Чоңой Өкмөткө салык төлө Башка көз карашта адамдар тарабынан некомпетенттүү деп эсептел Жаман сезилет,sadness,,
edp09u3,"Sad, but American","Капалуу, бирок Американча.",sadness,,
edxzu1r,Poor Target didn’t make enough millions during one of the most hectic Christmas seasons I recall in almost 2 decades. Gotta save that payroll though.,Бечара Target дээрлик 20 жылда эсимдеги эң ызы-чуулуу Рождество мезгилинде жетиштүү миллион таба албады. Бирок эмгек акыны сактоо керек да.,sadness,,
ee3b85p,[NAME] gets punched in the head and gets a penalty.,"[АТ] башына урулуп, айып жаза алат.",sadness,,
ee405os,"[NAME] didn't contribute anything! [NAME] or [NAME], please come back. At they least you do something on the court!","[АТ] эч нерсе кылган жок! [АТ] же [АТ], кайткыла. Жок дегенде сиздер аянтта бир нерсе кыласыңар!",sadness,,
edihdlg,Very true. Apologies if it came off that way.,Абдан туура. Ошондой болуп калган болсо кечирип коюңуз.,sadness,,
ef9flyx,"Sorry, I meant let them know outside of class.","Кечирип коюңуз, сабактан сыртта айтып коюңуз дегенди айттым.",sadness,,
edl1m1q,Aw poor kid. At least he has a bomb-ass name. Too bad he probably doesn't remember it anymore.,"Оо, бечара бала. Жок дегенде атынын аты зор. Жаман болду, ал аны мындан ары эстебейт окшойт.",sadness,,
ee6hpuv,A the_donald poster trying to pass as a human being has to be one of the saddest things I've ever seen.,the_donald жазуучусунун адам болуп көрүнүүгө аракет кылышы мен көргөн эң кайгылуу нерселердин бири.,sadness,,
efcq9qk,I'm seeing the error using Chrome both on MacOs Desktop and Android. I'm glad it seems to just be me though. Apologies for the snarkiness.,"Мен Chrome аркылуу MacOS Desktop'та да, Android'де да ката көрүп жатам. Жакшысы, бул менде гана болуп жаткан окшойт. Аздап тилим курч болуп калды — кечирип коюңуз.",sadness,,
ef86s3l,"If you have a bad memory, you have to train yourself to take notes","Эс тутумуң начар болсо, жазып алууга өзүңдү машыктырышың керек.",sadness,,
edi7fkr,"I'm very sorry for u, they should treat you like royalty not a fleshlight","Сага абдан кейиштим, алар сени падышадай сыйлашы керек эле, ойунчуктай эмес.",sadness,,
ed7nnzw,you should have asked this question 15 years ago sadly :(,"Бул суроону 15 жыл мурун бериш керек болчу, өкүнүчтүү :(",sadness,,
edkvzc2,I'm sorry [NAME]. I won't do it again.,"Кечир мени, [АТ]. Мен мындай кылбайм эми.",sadness,,
efbtfgf,I know it's easy for me to say because it wasn't me but money is money. We can always make more. Really sorry dude.,"Билем, мага айтуу оңой, анткени мен ордумда эмесмин, бирок акча — акча. Дайыма таба алабыз. Чынында эле кечирип кой, дос.",sadness,,
eem31bj,"Partial reopening within the next two weeks for services to the [NAME], but unfortunately for some a lot of the government is never coming back from this.","Кийинки эки жуманын ичинде [АТ] үчүн кызматтар жарым-жартылай кайра ачылат, бирок тилекке каршы, кээ бирлери үчүн өкмөттүн көп бөлүгү мындан кийин эч качан кайтып келбейт.",sadness,,
ed1v8r1,Yeah! We should have given him justice by believing in claims with no merit! Yeah. Btw. [NAME] raped me 30 years ago! Get him!,Ооба! Биз ага негизсиз айыптоолорго ишенип адилеттүүлүк берген болушубуз керек эле! Ооба. Айтмакчы. [АТ] мени 30 жыл мурун зордуктады! Кармагыла аны!,sadness,,
eenee7d,There’s a big difference between “I felt bad for her but there was nothing I could do” and “not my problem.”,"""Мен аны үчүн кейидим, бирок эч нерсе кыла алчу эмесмин"" менен ""менин ишим эмес"" деген сөздөрдүн ортосунда чоң айырма бар.",sadness,,
ed0ivk1,I regret looking at his posts.,Анын посттарын карагандыгыма өкүнөм.,sadness,,
eeke6kg,The part where he carries her to the car had me howling! Poor guy was stumbling with the weight he obviously couldn’t handle,Ал аны машинага алып барган жери мени каткырттырды! Бечара жигит ачык эле көтөрө алгыс оордукту алып тайкыланып кетти.,sadness,,
eejxnps,Sadly this is not a new issue for Ukraine. Please take a moment to remember Babi Yar :(,"Тилекке каршы, бул Украина үчүн жаңы маселе эмес. Бир азга Бабий Яр жөнүндө эстеп коюңуздар :(",sadness,,
edq7ml5,exactly. you're a child. you make personal attacks when you lose an argument. I feel sorry for you.,Так ошондой. Сен баласың. Талашта утулганда жеке кол саласың. Мен сени аяйм.,sadness,,
edyynut,What a sad story.,Кандай кайгылуу окуя.,sadness,,
eelv7yt,I am sorry but you have to accept your reality. Thare ain’t nobody here who can help you on this problem. Just call 병무청 ASAP,"Кечирип кой, бирок өз чындыгыңды кабыл алышың керек. Бул маселеде сага жардам бере ала турган эч ким жок. 병무청га мүмкүн болушунча тез чал",sadness,,
eeqokox,Still saddened by the fact that we never got to see prime [NAME] vs prime [NAME].,[АТ] жаш чагы менен [АТ] жаш чагынын кездешүүсүн эч качан көрө албаганыбыз үчүн азыр да ичим күйөт.,sadness,,
ef5l89z,Sorry your right,"Кечирип кой, туура айтасың",sadness,,
efe97h5,"No phone, can't help....sorry?","Телефон жок, жардам бере алмак эмесмин....кечир?",sadness,,
ee95p64,Sorry if this is ignorant but is that a wig?,"Билбегенден сурасам болобу, бул парик беле?",sadness,,
effntwc,That whole episode has some heartbreaking moments. It is probably my top Parks And Rec episode.,"Ал эпизоддун жүрөктү эзген учурлары толтура. Балким, бул Parks And Rec боюнча менин эң сүйүктүү эпизодум.",sadness,,
ee0z5jb,"Ooooof, that’s annoying. I’m sorry.","Уух, бул жандыратын нерсе. Кечирип кой.",sadness,,
edlqwi4,Goodbye cruel world.,"Кош бол, катаал дүйнө.",sadness,,
eds6o2p,I was just a little disappointed that there is no audible/visible reaction by the character when visiting the graves (also trying to avoid spoilers).,Каармандын мүрзөлөргө барганда укса/көрсө болчу реакциясы болбогондугунан бир аз көңүлүм калды (спойлерлерден качып жатам).,sadness,,
eewcihm,Learning to read was the worst mistake of my life,Окууну үйрөнүү өмүрүмдөгү эң чоң ката болчу,sadness,,
edjnrah,Once upon a time I got banned for a whole day because of bad behavior... Oh wait that was all of us...,"Бир жолу жаман жүрүм-турумум үчүн бүтүн күнгө бан жедим... О күт, бул баарыбызга болгон экен...",sadness,,
edc8vp2,"I doubt people are *happy*, but they probably aren’t sad about someone who was potentially endangering others through their anti-science views.","Адамдар *бактылуу* деп ойлобойм, бирок илимге каршы көз-карашы менен башкаларды коркунучка салган бирөөгө кайгыруу да жок болсо керек.",sadness,,
ee283pj,Getting tougher to make those mortgage **and** car payments.,Ипотека **жана** машина төлөмдөрүн жабуу барган сайын кыйындап баратат.,sadness,,
ef3vu80,this 'bug' has caused me countless death... i always used rifle primarily and switched to shotgun after rifle shot,"бул 'баг' мени сансыз жолу өлтүрдү... мен дайыма биринчи кезекте мылтык колдондум, атылгандан кийин дробовикке өттүм",sadness,,
eepalil,"We, the fans, are the losers here.","Биз, фандар, бул жерде жеңилгендербиз.",sadness,,
edp9hn5,"Yeah, sadly, looks like this champ will be pretty opressive. ","Ооба, өкүнүчтүүсү, бул чемп абдан кысымчы болот окшойт.",sadness,,
ee2r5yl,I'm sad that I gave that shit article a page view.,Ошол сасыган макалага бир просмотр бергениме өкүнөм.,sadness,,
ee3gcng,Oh boy this aged poorly,"О жаным, бул начар эскирди",sadness,,
edw2y8c,"correct me if i’m wrong but when [NAME] eliminates [NAME], she technically has a better track record than [NAME]?? i’ll fucking cry","туура эмес болсом оңдо бирок [АТ] [АТ]ты чыгарып жибергенде, ал техникалык жактан [АТ]дан жакшыраак жыйынтыкка ээ болот?? мен ыйлап жибермекмин",sadness,,
ef4jl0a,Wish they'd update Trapper's and Wraith's. They're so boring.,Trapper менен Wraith жаңыртылса экен. Алар абдан зерикчиликтүү.,sadness,,
ef1mkdb,"Ouch, my heart. I never even thought about this...","Ой, жүрөгүм. Мен муну эч ойлобогон элем...",sadness,,
ed250fo,It makes customers uncomfortable because we're calling them on their BS and this is the only way to get them to own up to it.,"Бул кардарларды ыңгайсыз кылат, анткени биз алардын боктуктарын бетине айтабыз жана алар мойнуна алышы үчүн башка амал жок.",sadness,,
ee2qnkr,no one loves me,эч ким мени сүйбөйт,sadness,,
ed1e397,"Sure, sorry for late response.","Макул, кеч жооп бергениме кечирип кой.",sadness,,
ednzonf,"I sit on one of my legs. I always have my other leg weirdly sticking out. Like I’m trying to crouch, but failing.","Мен бир бутумда отурам. Экинчи бутум дайыма кандайдыр бир жол менен сыртка чыгып турат. Чокчойгум келгендей, бирок болбогондой.",sadness,,
eda1hzg,"This is a ""lose in the 11th round of the shootout"" type game",Бул — пенальти серияда 11-ударда жеңилген матч.,sadness,,
ee3gf3j,"Yep, lack of proper coaching yet again. Sucks we missed out on [NAME]. ","Ооба, дагы эле жакшы коачтык жок. [АТ]ды жоготкондугубуз жаман болду.",sadness,,
ed7yj4s,It must be really sad and lonely under your bridge troll.,"Сенин көпүрөңдүн астында жашоо абдан кайгылуу жана жалгыз болсо керек, тролль.",sadness,,
eeo4djd,"Ouch, that hurts, would've won without the injury","Ой, ооруп кетти, жарат болбосо жеңип кетмекпиз",sadness,,
eebhggp,Mental illness. Operation on 7 people in a manic state . Four of them died. All his money was gone and his rich friends abandoned him.,"Акыл ооруу. Маниялык абалда 7 адамга операция жасаган. Алардын төртөө каза болгон. Бардык акчасы жоголуп, байлыктуу досторуну аны таштап кеткен.",sadness,,
eeaeu1r,Must be nice my seats were in that area... sadly I decided to go to the bathroom. #PTSD,"Жакшы экен, менин орундукларым ал тарапта болчу... өкүнүчтүүсү, даарат үйүнө барып кетем деп чечтим. #PTSD",sadness,,
ed3jh2z,"I'm sorry, no. The hostess was 15. I was 24. At the steakhouse, only hostess girls answered phones.","Кечиресиз, жок. Хостес 15 жашта болчу. Мен 24тө болчум. Стейкхаусте телефонго жооп бергендер хостес кыздар гана болчу.",sadness,,
eeszaav,And then attacking you as a person when you say you'd prefer not to be stalked and murdered. Sorry but your friend is a problem.,"Анан сталкинг жасалып, өлтүрүлгүм келбейт десеңиз, сизди жеке адам катары кол салышат. Кечиресиз, бирок сиздин досуңуз — проблема.",sadness,,
edyec0c,[NAME] rolls with his kitties and is hard as fuck.,"[АТ] мышыктары менен жүрөт, катуу жигит да.",sadness,,
edihorn,Yea idk what to tell ya man sorry. Not sure why it’s doing that,"Ооба, карагым, эмне айтарымды чын эле билбейм, кечир. Эмне үчүн андай болуп жатканын түшүнбөйм.",sadness,,
efh0c26,"and i answered, sorry if you can't follow. i agree that having a pet involves (unnecessarily) having power over a small animal. ","жана мен жооп бердим, ээрчи албасаң кечир. макулмун — үй жаныбары кармоо (зарылсыз жерден) кичинекей жаныбарга бийлик жүргүзүүнү камтыйт деп.",sadness,,
eda0hww,[NAME] and the Chicago Wolves (I'm so sorry),[АТ] жана Chicago Wolves (абдан кечирем),sadness,,
ed7zsc2,Wasn't expecting these feels man. I'm so sorry for your loss!,"Мындай сезимдерди күтпөгөнмүн, карагым. Жоготканыңыз үчүн абдан кайгырам!",sadness,,
eddudp2,I’ll just take this as an apology and bid you farewell AM x,"Муну кечирим катары кабыл алам да коштошом, AM x",sadness,,
eden5qn,If I died I've always wondered who will be at my funeral. I imagine only my mom. Maybe one of these days I'll find out.,"Өлсөм, жерлөөмдө ким болор экен деп ар дайым ойлонуп жүрөм. Апам гана болор деп элестетем. Балким бир күнү билип алармын.",sadness,,
eemrrt5,"Huh, I'd missed this one when looking for new games a few months back. Might have to give it a try.","Э, бир нече ай мурун жаңы оюндарды издегенде муну өткөрүп жибериппин. Бир синап көрүш керек болор.",sadness,,
edmiy44,He has been given all the time/freedom in the world - he just doesn't deliver.,Ага дүйнөдөгүнүн бардык убакыты/эркиндиги берилди — жөн гана жеткире албайт.,sadness,,
efarbiv,"My bad, I guess I should've read the whole thing, from opiate yes ","Менин катам, баарын окуш керек экен, опиаттан — ооба",sadness,,
efezx7j,Passing the torch. Lmao. You never made a good one.,Факелди тапшыруу. Lmao. Сен эч качан жакшысын жасаган эмессиң.,sadness,,
ef75ws3,Because Im going to feel sorry for the death of someone who assaulted me. Sure thing buddy.,"Анткени мени урган адамдын өлүмүнө кейишим керек. Ооба, болуптур, дос.",sadness,,
eexo5ja,Not to mention that the full video is part of the kids PR campaign according to [NAME] idiot,[АТ] аңкоонун айтымы боюнча толук видео балдардын PR кампаниясынын бөлүгү экенин айтпай эле коёюн,sadness,,
edp44sl,I miss the confetti cakes :(,Конфетти тортторун сагындым :(,sadness,,
ee73c3l,And those poor kids are still paying for it. And we have actual grown adults that are bullying them even today.,"Ал байкуш балдар дагы эле муну төлөп жатышат. Жана бизде чыныгы чоңойгон кишилер бар, алар ошол балдарды бүгүн да булингге кабылтып жатышат.",sadness,,
eeah41k,"Far enough, np. Its rough communicating sarcasm in text form, especially nowadays with Poe's law in overdrive. ","Жетиштүү, эч нерсе жок. Текст аркылуу саркасмды жеткирүү кыйын, айрыкча бүгүнкү күндө По мыйзамы күч алып кеткенде.",sadness,,
edxbuqt,"Indication of questionable parenting perhaps. Encouraging this reaction seems a bit tacky. Not respectable, if we're truthful here.","Балким, шектүү тарбиянын белгиси. Бул реакцияны колдоо бир аз жагымсыз. Чынчылдык менен айтсак, урматтуу эмес.",sadness,,
eeuirox,Because his reconnaissance is not unique in any way. Literally everyone who saw that movie thought that was surprising.,"Анткени анын байкоосу эч кандай жагынан уникалдуу эмес. Тике айтсак, ошол фильмди көргөн баары муну таң калыштуу деп ойлогон.",surprise,,
eexn541,"I lost about 30 before anyone said anything. I think people probably noticed before then, though. ","Мен болжол менен 30 жоготкончо эч ким эч нерсе айтпады. Менимче, адамдар мурунтан эле байкагандыр.",surprise,,
eeevtxr,What?! I am level 20 and I already had 4. I did 5 hide outs in total not counting the tutorial hide out.,Эмне?! Мен 20-левелдемин жана менде мурунтан эле 4 болгон. Окутуучу убежищени эсепке албаганда жалпы 5 убежище жасадым.,surprise,,
ee4kokd,*Poop hole* Oooohwee!,*Бок тешик* Ооооу!,surprise,,
ed0vclk,"This is the sort of chucklefuck who finds himself saying ""and there was nothing I could do"" after a mishap... often.","Бул — кырсыктан кийин ""эч нерсе кыла алган жокмун"" деп айта берген типтеги сандал... көп жолу.",surprise,,
ee9q98r,Happy cake day!!!,Торт күнүң куттуктуу!!!,surprise,,
ednzc9u,"Last time I saw it tested, it beat BO4 and was on par with Fortnite","Акыркы жолу сынап көргөндө, ал BO4тү жеңип, Fortnite менен тең деңгээлде болгон.",surprise,,
edxnylo,"Huh. Similar things happen to me. Just my big brother believe that I got the wrong diagnoses and Dad think I am ""cured"".","Хм. Менде да ушуга окшош нерселер болот. Агам гана менин диагнозум туура эмес деп ишенет, ал эми атам мен ""айыктым"" деп ойлойт.",surprise,,
edkxs5c,Seriously? I couldn't even remember the dude's name until about halfway through the season honestly.,"Чыныбы? Мен ал жигиттин атын сезондун жарымына чейин эстей алган жокмун, чынын айтсам.",surprise,,
eessfbc,Had a stroke reading these.,Булардан окуп инсульт алдым.,surprise,,
edugdfu,> The defunct club still sit third in the overall NI league roll of honour despite not having competed for 70 years. Wow,"Бул клуб 70 жыл бою жарышка катышкан эмес, бирок Түндүк Ирландия лигасынын жалпы сый тизмесинде дагы эле үчүнчү орунда турат. Вааау",surprise,,
ed8id0h,Wonder what [NAME] [NAME] thinks about all this,[АТ] [АТ] мунун баарына кандай карайт экен деп ойлонуп жатам,surprise,,
ee8u5o3,Woke is realizing the world doesnt revolve around you at its most basic level. Thats dumb?,"""Woke"" болуу — эң базалык деңгээлде дүйнө сенин айланаңда айланбайт деп аңдоо. Бул акымакчылыкпы?",surprise,,
ed62vv7,That's a surprise from this guy.,Бул адамдан мындай нерсе күтпөгөм.,surprise,,
ef6b87x,"Of all the people in the world, I honestly can't believe that Reddit hates [NAME].",Дүйнөдөгү миллиондогон адамдардын ичинен Reddit [АТ]ты жек көрөт деп чын жүрөгүм менен ишене алмайм.,surprise,,
ef6apnc,No because it's been a steady decline over 20 months.,"Жок, анткени 20 ай бою акырындап төмөндөп жатат.",surprise,,
ef1au3v,"Wow, you weren't instantly downvoted hundreds of times. The omniscum must have had a salad once and got a protein deficancy.","Вааау, сени дароо жүздөгөн минус баспаптыр. Omniscum бир жолу салат жеп, белоктон жетишпей калса керек.",surprise,,
edfsrhs,"I'm surprised they play the national anthem at derby bouts there, been to many bouts in Minnesota and haven't once heard the national anthem performed.","Ал жерде дерби маяналарында мамлекеттик гимн ойнотушат деп таң калдым — Миннесотада көп маянага барганмын, бир да жолу мамлекеттик гимн аткарылганын уккан эмесмин.",surprise,,
eexg8a4,I stand corrected. I totally forgot the knee and shoulder injuries earlier in the season.,Жаңылганымды моюнума алам. Сезондун башындагы тизе менен ийин жаракаттарын таптакыр унутуп калыпмын.,surprise,,
edp6byt,I remember when reddit's default subs suddenly turned from [NAME] to [NAME] in a day.,Reddiттин демейки сабдашылары бир күндө [АТ]тан [АТ]ка өзгөрүп кеткенин эсиме алам.,surprise,,
ef8hhge,i thought i was the only one who felt this way!,Мен мындай сезимди жалгыз өзүм гана сезет экенмин деп ойлогом!,surprise,,
eeieuyo,I almost forgot about you for a minute,Бир азга сени унутуп кете жаздадым,surprise,,
eet4gbe,I wouldn't say age would stop it just lessen the affect of it but probably start to notice it around mid to late 30's.,"Жаш аны токтотот деп айтмак эмесмин, жөн гана таасирин азайтат, бирок 30дун ортосунда же аягында байкала баштайт окшойт.",surprise,,
eexjijh,"People don’t understand the word allegation anymore, or innocent until proven guilty.","Адамдар ""айып"" деген сөздүн маанисин дагы, ""далилдениче айыпсыз"" деген принципти дагы унутуп калышты.",surprise,,
ed3sh4v,To be fair I was in that crowd and there was barely any room to move.,"Чынын айтсам, мен да ошол топто болчумун жана жылгандай орун жок болчу.",surprise,,
edl1myf,"Wonder if her steel balls make the same sound, clanging together, when they're frozen?","Анын болот шарлары тоңуп калганда, бири-бирине урунганда, ошондой эле жаңырат экен деп ойлойм?",surprise,,
ee7gd34,It look like so much then I realized that I don’t leave my house,"Ушунча көп нерсе сыяктуу көрүндү, анан үйдөн чыкпайм экенмин деп эсиме түштү",surprise,,
edfzynr,I was once nearly run over by a moped that was doing 60 MPH in a parking lot. Your comment reminded me of that.,Бир жолу унаа турагында саатына 60 миля баратакан мопед мени дээрлик кагып кете жаздаган. Сенин комментарийиң ошону эстетти.,surprise,,
ed54njm,Between this and the headline it makes me wonder how he fits his ego through most doorways.,"Мунун баары менен баш макаланы окуп отуруп, анын менменсинүүсү эшиктерден кантип сыят экен деп таң калам.",surprise,,
eeszrvg,I guess learning French in school helped me for once,Мектепте француз тилин үйрөнгөнүм бир жолу жардам берди окшойт,surprise,,
edfn75p,That dress is made with industrial strength lycra/polyester and thread. I'm amazed it didn't blow up and kill innocent bystanders at the restaurant.,Ал көйнөк өнөркасіптик лайкра/полиэстер жана жиптен тигилген. Ресторандагы бейгүнөө адамдарды жарылып жок кылбай койгонуна таң калам.,surprise,,
eevuop0,"Oh man, I just realized my city taxes are paying for [NAME] nonsense! ","Оо жо, жаңы эле түшүндүм — шаардык салыгым [АТ]тын чачпаакыгына кетип жатат экен!",surprise,,
edrhjjd,"I feel like this doesn't mean much,","Менимче, бул анча маанилүү эмес сыяктуу,",surprise,,
edn2o9x,This must be what blasphemy laws felt like in the Middle Ages.,Орто кылымдардагы кудайга тил тийгизүү мыйзамдары дал ушундай болгон окшойт.,surprise,,
ef9ch5y,"Oh trust me, I thought of that - but I felt as though the phallic shape would cheapen the resemblance to feces ","Ишен мага, мен да ойлодум — бирок фаллос формасы нәжиске болгон окшоштукту арзандатып жибере турганчудай сезилди",surprise,,
ee3coul,Wow. You don't have any self control?,Вау. Өзүңдү кармай алчу белеңсиң?,surprise,,
edzh5rz,"I've been into cuckolding for many years, and I'm wondering the same thing! ","Мен бир нече жылдан бери куколдинг менен кызыгып жүрөм, мен да ошол эле нерсе жөнүндө суранып жатам!",surprise,,
ed1x4mr,Yeah that happens t,"Ооба, ошондой болот",surprise,,
edirhr2,Can't believe [NAME] has been in the league that long...,[АТ] лигада ошончо жыл болгонуна ишене албайм...,surprise,,
efglnt5,I can’t believe only 3 people pet the cat. Not even the cameraman pet the cat!,Мышыкты жалгыз 3 адам гана сылады деп ишене албайм. Оператор да сылабаптыр!,surprise,,
ef3gke1,I should have changed that stupid lock! I should have made you leave your key!,Ошол акмак кулпуну алмаштырышым керек эле! Ачкычыңды калтырып кетишиңди мажбурлашым керек эле!,surprise,,
eeubqp4,One of my cats always eats the other ones food. I never noticed it until he was obese. I'm not gonna make that mistake again.,Менин мышыктарымдын бири дайыма башкасынын тамагын жейт. Ал семириб кеткенге чейин байкабай калдым. Мындай катаны кайра кылбаймын.,surprise,,
efapeti,I can't believe he told that story. I'm sure the minister that released the water is now so totally regretting not asking for a bj!,Анын ошол окуяны айтканына ишене албайм. Сууну бошоткон министр эми БЖ сурабагандыгына толугу менен өкүнүп жатат деп ойлойм!,surprise,,
edevgfe,"i think it is characteristic for la liga, in germany that would be atleast +3","менин оюмча бул ла лига үчүн мүнөздүү, германияда бул кеминде +3 болот эле",surprise,,
ee888be,Because [NAME] doesn't have time to monitor what is going on in a couples bedroom.,Анткени [АТ] жупташтын жатын бөлмөсүндө эмне болуп жатканын көзөмөлдөп отурууга убактысы жок.,surprise,,
eeyoysk,I was wondering what that was!,Мен ал эмне экенин ойлонуп жаткам!,surprise,,
edo9oom,Back in the seventies and eighties we all did this and it was no big deal.,Жетимишинчи-сексенинчи жылдары биз баарыбыз мындай кылчубуз жана бул чоң маселе эмес эле.,surprise,,
edlvuhs,Seriously we haven't gotten a stop barely at all tonight.,"Чынында эле, биз бүгүн кечинде дээрлик бир да токтотуу ала алган жокпуз.",surprise,,
efbh146,What a turnaround.,Кандай бурулуш!,surprise,,
ef7ku49,"I was pleasantly surprised that I couldn’t think of anything I broke at my last retail job but... you’re right, that was it","Мурунку дүкөндөгү ишимде эч нерсени сындырбаганымды ойлоп таң калдым, бирок... сен туура айтасың, ошол болду экен",surprise,,
eekvyi5,I would be so pissed if I was part of that coaching staff. That was unbelievable.,"Эгер мен ошол тренерлер тобунун бир бөлүгү болсом, ачуудан жарылмак элем. Бул жөн эле укмуштай болду.",surprise,,
ee9mvpt,"2nd one resounds with me so much, I rarely realize how little I trust other people to do any task lol","2-нчиси мага ооо канчалык резонанс берет, башкаларга кандайдыр бир тапшырманы жасоого канчалык аз ишенгенимди сейрек түшүнөм лол",surprise,,
ed4m2om,"Then you realize it actually is the only way to feeling better, except having one or no friends make it tough.","Анан сен чындыгында бул жакшыраак сезүүнүн жалгыз жолу экенин түшүнөсүң, бирок бир же эч жолдош жок болуу муну кыйындатат.",surprise,,
edu19i6,"Almost feel bad for him, but then I realized he did this to himself. ","Ага дээрлик жаман болот, бирок анан мен ал муну өзүнө жасаганын түшүндүм.",surprise,,
eez1mto,i am shocked... SHOCKED I TELL YOU!,мен шок болдум... ШОК БОЛДУМ ДЕЙМИН САГА!,surprise,,
efde96j,Unexpected Hail corporate.,Күтүлбөгөн корпоратив жашасын.,surprise,,
ef6s31f,I did this once with a chimichanga. I was 11 and I cried,Мен муну бир жолу чимичанга менен жасаганмын. 11 жашта элем жана ыйладым,surprise,,
eeklk15,"Reminds of kissing my first girlfriend. [NAME], we had no idea what we were doing. ","Биринчи кыз досума өпкөнүмдү эстетет. [АТ], биз эмне кылып жатканыбызды биле элек болчубуз.",surprise,,
ee6s5pl,Bengals are a quirky breed 😸,Бенгалдар — кызыктай порода 😸,surprise,,
ee7hqvo,Personally I'm wondering why our OP didn't go with the clone angle. That's way more insane than them just being sent to prison.,Жеке мен биздин ОП эмүчүн клон версиясын тандабады деп ойлонуп жатам. Аларды жөн эле түрмөгө жөнөтүүгө салыштырганда бул алда канча акылсыздау.,surprise,,
eei2lpa,Oh my [NAME]. The hand mixer instead of forks. Shredding poultry is like my least favorite thing on Earth,"Оой, [АТ]. Суйручтун ордуна кол блендери. Куштун этин тытуу — жер жүзүндөгү эң жек көргөн ишим",surprise,,
ed9ijpj,I'm most amazed by implicit suggestion that you still aren't showing any signs. i mean coming out should be sign enough right?,"Мени эң таң калтырганы — сен дагы эле эч кандай белги бербей жатасың деген кыйытма. Яни, coming out өзү жетишерлик белги болуш керек да, туурабы?",surprise,,
eeovg3s,What a gift!,Кандай белек!,surprise,,
eea3s24,I know it’s perfectly cooked but something just grossed me out about it. Oh well,"Жакшы бышырылганын билем, бирок бир нерсе жийиркендирди. Болду го",surprise,,
ee0977b,The last few years have really woken me up to how *misleading and harmful* journalism is to our society.,Акыркы бир нече жыл мага журналистика биздин коомго кандай *алдамчы жана зыяндуу* экенин чынында ачты.,surprise,,
eegah1a,A lot of times the only thing holding any of us back is ourselves. It's not too late to start writing either.,Көп учурда бизди кармап турган жалгыз нерсе — өзүбүз. Жазып баштоо үчүн да кеч эмес.,surprise,,
eezl93w,Id rather do the highlights again just not a full match.,"Хайлайттарды кайра карайм, бирок толук матчты эмес.",surprise,,
ee8k7h7,If it’s fan made they deserve an award. Or money. Something. The score is strange though,"Эгер фандар жасаган болсо, алар сыйлыкка татыйт. Же акчага. Бир нерсеге. Бирок саундтрек бир өзгөчөрөөк экен",surprise,,
eeul2oi,I think they’re gonna keep her a surprise.,"Менимче, алар аны сюрприз катары сакташат.",surprise,,
edmczko,ohhhhh my gosh,"Оооой, дүйнөм-ай",surprise,,
eeq8sim,[NAME] - I misspelt and can’t correct it now,"[АТ] - туура жазбай коюп, эми оңдой албай жатам",surprise,,
edi5kh6,I wonder how big a problem this really is and what the cops' plan is.,Бул чындыгында канчалык чоң маселе экенин жана полициянын планы эмне экенин билгим келет.,surprise,,
eeranlm,Oh baby a triple!,"Оо, бала, үчтүк!",surprise,,
ed9ylmv,It just feels like everything is so false. If I can't care about myself why would anyone else.,"Баары жалган сыяктуу сезилет. Өзүмдү өзүм сактай албасам, башкалар эмне үчүн кайгырышсын.",surprise,,
edzalnw,well she went to prison for **armed robbery and kidnapping** so after learning this i could hardly give a shit about her,"ал **куралдуу тоноо жана адам уурдоо** үчүн түрмөгө отурган, муну билгенден кийин анын жөнүндө такыр кызыкчылыгым жоголду",surprise,,
eebf27r,I don’t know that they’re like that until the get in my feels and then BAM. Dbags,"Алар ошондой экенин билбейм, жүрөгүмө тийгенге чейин — андан кийин БАМ. Жыртыктар",surprise,,
edss4be,"He is very affectionate in all other aspects. That’s why it bothers me so much, I think ",Башка бардык жагынан ал абдан мээримдүү. Ошондуктан бул мени ушунчалык тынчсыздантат окшойт,surprise,,
eeta1qa,"Oh, grilled nuggets. Haven't really seen those at fast food places so I thought they were just the regular nuggets","Оо, гриль наггетстер. Fast food жерлеринде мындайды жолуктурган жокмун, ошондуктан жөнөкөй наггетс деп ойлогом",surprise,,
eeml1yk,I’m amazed how anti-government these people are. They have no understanding of what government does. Perhaps they should move to Somalia. No government there.,"Бул адамдар өкмөткө ушунчалык каршы болгонуна таң калам. Өкмөт эмне кылааарын эч түшүнүшпөйт. Балким, Сомалига барып жашашсын. Ал жерде өкмөт жок.",surprise,,
edvjutd,I almost didn’t get that until I heard her voice,Анын үнүн укмайынча дээрлик түшүнгөн эмесмин,surprise,,
eebqk45,what a bizarre post omg,"Кандай жат пост, омг",surprise,,
ed4r5gu,"Now remember, if something goes wrong, let's not get the law involved, one hand washes the other. Oh, that reminds me. ","Эсиңде болсун, бир нерсе болуп кетсе, мыйзамды аралаштырбайлы — бир кол экинчи колду жуугандай. О, бул мага бир нерсени эске салды.",surprise,,
edvycbz,"They wont touch a hero if they tweaked it in last 6-12 months. Like [NAME], they fucked/nerfed her and thats it.","Эгер каармандарды акыркы 6-12 айда өзгөртүшсө, алар аны тийбейт. [АТ] сыяктуу — нерфтеп коюшту, баары ошол.",surprise,,
edl10sv,An online poll that the Berners didn't manage to swarm? Color me shocked.,"Бернерлер баса албаган онлайн добуш берүү? Оо, мен өтө таң калдым.",surprise,,
ee5kgax,This is the most Boomer thing i've ever seen,Бул мен көргөн эң Бумердик нерсе,surprise,,
eejz2sc,The music caught me off guard,Музыка мени капыстан туткунга алды,surprise,,
ee5qris,I didn't realize it's been posted that often! Good to know. It was new to me:),Аны ушунча жыш жайгаштырышканын билбептирмин! Билгеним жакшы болду. Мен үчүн жаңылык болчу :),surprise,,
eerr224,dude - just get the hell outta CA ! there's plenty of other states without the immigration problem rampant in frickin california...,дос — Калифорниядан жөнөй бер! Ал лагнат болгон Калифорниядагыдай иммиграция маселеси жок башка штаттар жетиштүү...,surprise,,
ed12pgq,I remember the Lions under [NAME]. Just no.,"[АТ] убагындагы Лайондорду эстейм. Жок, жок.",surprise,,
eehsaak,Weird we’ve seen leftist harass and attack elder people and elder veterans but it doesn’t become mainstream news. I wonder why that is,"Сол жактагылардын карыларды жана карыя ардагерлерди кордогонун жана кол салганын көрдүк, бирок бул башкы жаңылыктарга айланбады. Эмне үчүн экен деп таңданам.",surprise,,
eezerbr,"Ah, the word alluded me.","Аа, сөз эсимен чыгып кетти.",surprise,,
edoxqmk,"Aw, she came home early to surprise you! She must have missed you a lot.","Оо, ал сени таң калтырыш үчүн үйгө эрте кайтты! Ал сени абдан сагынган болушу керек.",surprise,,
ee9jbfd,That's one of the reasons why I'm wary 😂,Мен этияттанып жүргөнүмдүн бир себеби ушул 😂,surprise,,
edj4hf1,Yikes on the sauce!!,"Вай, соусуна карата!!",surprise,,
effxxok,"With the weather we are having, it is a surprise when a battery works.","Мындай аба ырайы менен батарейка иштесе, таң каларлык.",surprise,,
edgslvs,It continually amazes me how many people don't understand this.,Муну түшүнбөгөн адам канча экенине дайыма таң калам.,surprise,,
eczkjtx,I'm surprised they've gone this long not knowing [NAME] swears a lot.,[АТ] көп сөгүнөрүн ушул убакка чейин билбей жүргөндөрүнө таң калам.,surprise,,
eekbt52,"Just got back,amd I realized that The Ducks are getting clutterfuckedd","Жаңы эле кайттым, Дакстар такыр бытыраша баштаптыр",surprise,,
ed6yw48,Not unexpected this election was gonna be a brawl between him and [NAME] from the start.,Бул шайлоо башынан эле ал менен [АТ] ортосундагы кармашка айланарын болжоого болмок.,surprise,,
eefovtz,It only struggles because it's released too late by [NAME] defeat.,[АТ]тын жеңилишинен кийин өтө кеч чыгарылгандыктан гана кыйналып жатат.,surprise,,
eecqi4h,"Oh, it’s you again. Here: ","О, дагы сен экенсиң. Мынакей:",surprise,,
eeemrah,5 hours late!!!!!!!!! omg.,5 саат кечикти!!!!!!!!! оомой.,surprise,,
edpblco,"Oh look, someone who doesn't understand how living languages work.","О карачы, тирүү тилдер кандай иштей тургандыгын түшүнбөгөн бирөө.",surprise,,
ee10us6,"Believe it or not, but I saw that he's a college instructor now","Ишенсең да, ишенбесең да, ал азыр колледжде мугалим болуп калыптыр",surprise,,
ef95upb,Because it seems like a first step on the same road that peope here have taken. I figured you have experience in the matter.,Анткени бул жерде адамдар жүргөн жолдун биринчи кадамына окшойт. Сенде бул маселеде тажрыйба бар деп ойлодум.,surprise,,
edmjgg5,I'll add to this: be prepared to not get closure or questions answered. This is the hardest lesson I had with my break up.,"Мен да кошомун: баары түшүнүктүү болуп, жооп ала албай калууга даяр бол. Бул менин ажырашуумдагы эң оор сабак болду.",surprise,,
edl03l6,A surprise to be sure! But a welcome one,Чынында таң калыштуу! Бирок жагымдуу таңкалыш,surprise,,
edfrcin,Oh [NAME] imagining this tween screaming yaaass queen at a poor drag queen made me cringe into a ball,"О [АТ] бул балакай бечара драг-королевага ""яааас куин"" деп кыйкырганын элестетип, уялганымдан бөкчөйүп кеттим",surprise,,
eeqgxa2,I’m surprised she didn’t name him Allesandrostien,Аны Аллесандростиен деп атабаганына таң калам,surprise,,
eeakafm,Blatant manipulation. Wow!! Who do we report that to?,Ачык манипуляция. Вааа!! Муну кимге кабарлайбыз?,surprise,,
edi6ldk,I realize. I was too hasty in my conclusions.,Түшүндүм. Корутундуга өтө шашып кеттим.,surprise,,
ef2qyih,Ahh dammit I knew that was why I was getting the feels,"Ааа, ары бар! Билчүмүн, ошондуктан жүрөгүм бир нерсе сезип жаткан экен",surprise,,
eevib7h,I'm honestly shocked that the Bucks have more subs than us. I was surprised the Wolves had more too.,"Чынын айтсам, Бакстын бизден жазылуучусу көп экени мени чочутту. Волвстун да көп экени да таң калтырган.",surprise,,
ee81vym,Oh shit. Is back?! Time to import,"Оо, жок дей! Кайтып келдиби?! Импорт кылуу убагы келди",surprise,,
ed2rcqa,"I know, right? Burger King is clearly superior. No wonder he is FA.","Ооба, туура! Бургер Кинг ачык-айкын жакшыраак. Анын эркин агент болгону таң калыштуу эмес.",surprise,,
edenhhr,shockingly close to reality.,Таң калыштуу деңгээлде чындыкка жакын.,surprise,,
ed0xrb1,I'd be shocked if he knew much of anything about the EU.,"Ал ЕС жөнүндө бир нерсе билсе, мен чын эле таң калаар элем.",surprise,,
ecznwuv,damn you were close,"Ий, жакындап кеткенсиң",surprise,,
edv7c5c,Omg l live for [NAME] stirring the pot!!,"О кудай-ай, [АТ] от коюп жатканы үчүн жашайм!!",surprise,,
ee6j2zd,"Pretty stock standard winger. Depth at a good club, regular starter at a bad club kinda deal","Болжолу кадимки стандарттуу чабуулчу. Жакшы клубда запас, начар клубда туруктуу башталгыч деген сыяктуу.",surprise,,
ee51k43,It happens to me in relatively short streaks last one 13 days and I noticed it was a bit yellow,"Бул мага салыштырмалуу кыска аралыктарда болот, акыркысы 13 күн болду жана бир аз сарыгып жатканын байкадым",surprise,,
ef18jc3,Oh I wish that was how everyone thought. Unfortunately it's not.,"Оо, баары ошондой ойлосо экен деп каалар элем. Тилекке каршы, андай эмес.",surprise,,
eewt9yh,Ha the additional loss of life to your engine really showed them.,"Ха, кыймылдаткычыңа кошумча зыян алып, аларга чындап ""көрсөттүң"".",surprise,,
eec5icy,oh I thought you were calling OP loser my bad,"оо, мен сен OP'ту жеңилүүчү деп атап жатасың деп ойлодум, кечир",surprise,,
ef6okhz,"Was referring to their government, should have specified that better. ","Алардын өкмөтүн айтып жаткан элем, айкыныраак айтуум керек болчу.",surprise,,
eetnx0b,[NAME]? I'd be surprised if he plays.,"[АТ]? Эгер ал ойноосо, таң калам.",surprise,,
eehbu84,"You're with him, you brought him here to kill me.","Сен аны менен бирдесиң, аны мени өлтүрүү үчүн ушул жерге алып келдиң.",surprise,,
eeaxxk6,"At first your post reads like some anti-vax, flat earth rant containing too many capitalised words... until you realise it's all true.","Алгач сенин постуң вакцинага каршы, жер жалпак деген ызы-чуу жазуу сыяктуу, өтө көп баш тамгалар менен... бирок баары чын экенин түшүнгөнчө.",surprise,,
ef6clq1,Wow. As much as I like pizza I would get sick of it if I were to eat it every single day.,"Вай. Пиццаны канчалык жакшы көрсөм да, аны күн сайын жесем жалыгып кетмекмин.",surprise,,
ecztf18,I used to build a ramp and jump over other kids on my bike ala [NAME]... I was amazed at the time.,"Мен [АТ]дай пандус куруп, велосипедим менен башка балдардын үстүнөн секирип чыга турганмын... Ошол кезде абдан таң калгам.",surprise,,
ed5673i,This is why you either keep your distance or shoot them.,Мына ошондуктан алардан алыс жүрөсүң же атып саласың.,surprise,,
edhqxmi,"Lol I was just about to protest ""you can't know that!"" until I realized.....","Лол, ""муну кайдан билесиң!"" деп наразы болгону турган элем, бирок анан түшүндүм.....",surprise,,
eehcw9w,Oh nice I was wondering if you could mix flavours. I'll still stick to mint though 🤷‍♂️,"О, жакшы экен, даамдарды аралаштырса болорбу деп ойлонуп жатчумун. Мен дагы эле жалбызда калам 🤷‍♂️",surprise,,
ee04vy5,I remember when I started showering every day as a kid. Everyone's first thought was I had a girlfriend.,Балалыгымда күн сайын жуунуп баштаганымды эсиме алам. Баардыгынын биринчи ойлогону кызым бар экен болчу.,surprise,,
ef4ccxw,This is not a comedy subreddit. It is a subreddit about the unexpected.,Бул комедия сабреддити эмес. Бул күтүлбөгөн нерселер жөнүндөгү сабреддит.,surprise,,
efbu7hq,"Yeah. All they have to do is ask for absolution, which means [NAME] can live a life of sin and repent and go to their heaven.","Ооба. Алар жөн гана кечирим суроосу керек, демек [АТ] күнөөлүү жашап, тобо кылып, өз бейиштерине кире алат.",surprise,,
edkl1yg,This makes so much sense. Seems she has been icing me. Time to call it quits,Бул абдан түшүнүктүү. Окшойт ал мени четке кагып жаткан экен. Бүтүрүүгө убакыт келди.,surprise,,
edihyzp,"Oscars are trying to be more hip and contemporary now, so don't be surprised if [NAME] and [NAME] win. ","Оскар азыр трендге ылайыктуу болгусу келет, андыктан [АТ] менен [АТ] утса таң калба.",surprise,,
edf36b9,reminds me of Far Cry 5,Мага Far Cry 5ти эске салат.,surprise,,
edj5ywq,Or take it further: Try showering with just hot water. You might be surprised at how clean you get.,Же андан ары бар: Жылуу суу менен гана жуунуп көр. Канчалык таза болоруңдан таң каласың.,surprise,,
edd5ag7,Talk to your grandparents... you will be surprised on how much general knowledge they have to share.,Чоң ата-энеңер менен сүйлөшүп кар... алар канча нерсени бөлүшөөрүнө таң каласың.,surprise,,
eeosndw,"Wow, that really hurts coming from a demented troll sockpuppets brigading me on this sub","Вау, бул чындап жабыркатат — мындай сөздү бул сабда мага чабуул жасап жаткан акылдан адашкан тролль-куурчак аккаунттардан уккуча.",surprise,,
ee6zjvq,Update: haven’t been banned yet By the way when I stop these updates I’ve most likely been banned,"Жаңылык: азырынча бэн болгон жокмун. Айтмакчы, жаңылыктарды токтотсом — кыязы, бэнга кетиптирмин.",surprise,,
eeu21sd,History was written by the victors. Now we have history witten by the real truth agreed upon the everybody on the network,Тарых жеңүүчүлөр тарабынан жазылган. Азыр болсо тармактагы баары макул болгон чыныгы чындык менен жазылган тарых бар.,surprise,,
ee89tz1,I think you responded to the wrong comment.,"Менимче, туура эмес комментарийге жооп бердиң.",surprise,,
eedtflg,I reported an old man for terrible driving and the police actually took it seriously (pleasantly surprised). It's worth a try!,Бир карыяны жаман айдоосу үчүн полицияга кабарладым — алар чындап олуттуу кабыл алышты (жагымдуу таң калдым). Аракет кылып көрүүгө арзыйт!,surprise,,
ef79gzm,"Wow, essential oils can now replace oxygen","Вау, эфир майлары эми кычкылтекти да алмаштыра алат тура.",surprise,,
edj7nn3,I’ve reported her before I think that’s why she stopped pming me and started following my comment history instead.,"Аны мурунтан кабарлаганмын — ошондуктан ал жеке кат жазууну коюп, комментарий тарыхымды карап жүрө баштаганы ошондон болсо керек.",surprise,,
edj65i1,I totally read that wrong and was about to shout COLBY 2012,"Мен аны такыр туура эмес окудум да, КОЛБИ 2012 деп кыйкыра жаздадым.",surprise,,
edbtngo,Omg if WOW sue’s her then my depression would be cured and I’ll have my jush,"Жараткан, эгер WOW аны сотко берсе, депрессиям жазылып, жанымды кайра табам.",surprise,,
ef2t1j9,I couldn’t believe my ears. she’s unbelievable.,Кулагыма ишене алган жокмун. Ал жөн эле баштан чыгаргыс.,surprise,,
edtx0e8,"""We need to be careful about hiring this one"" ","""Бул адамды жумушка алууда этияттуу болушубуз керек""",surprise,,
eepcocv,Everyone's job is tough so why not treat everyone with respect?,"Баарынын иши оор, анда эмне үчүн баарына урмат менен мамиле кылбаска?",surprise,,
efdwp12,wow! trust issues.,вау! ишенимсиздик.,surprise,,
edr8ssa,I mean I like the park and I was surprised by that poll too,"Жок, мен паркты жактырам жана ал сурамжылоо мени да таң калдырды",surprise,,
edil5e0,"You realize this is the university, right? Not the hospital. They're not the same entity.",Бул университет экенин түшүнөсүңбү? Оорукана эмес. Алар бир эле жер эмес.,surprise,,
edjadts,Looks like wood. Could be wrong.,Жыгачка окшойт. Жаңылышсам да болот.,surprise,,
edigf2t,He was dead through the whole movie. Oh wait,"Ал бүтүндөй фильм бою өлүк болчу. О, күт",surprise,,
ed8txq0,"Well, I bought cheese when I went, and was shocked at the great variety and lower prices. That probably skewed my view.",Барганымда быштак сатып алдым жана ар түрдүүлүгүнө жана арзан баасына таң калдым. Бул менин пикиримди бурмалаган окшойт.,surprise,,
eehaa3j,With punctuation like that I'm surprised you're not from Jordanhill,Мындай тыныш белгилери менен Жорданхилден эмессиңби деп таң калам,surprise,,
edocn0z,Wow I never noticed that either before you pointed it out,"Вай, мен да муну сен айтып бергенге чейин эч байкаган эмесмин",surprise,,
eenyp1n,You can still check your feelings and then see how they’re messing up your facts.,"Сен дагы эле өз сезимдериңди текшерип, алар фактыларыңды кантип бузуп жатканын көрсөң болот.",surprise,,
eejl16l,i didn't know this could happen.,мен мунун болушу мүмкүн экенин билчү эмесмин.,surprise,,
ef15fon,I can't believe he used the N-word.,"Ишене албайм, ал N-сөзүн колдонду.",surprise,,
ee2zbyj,I’m so glad I’m not the only one. Since everything happened I’ve always thought I was just overly sensitive,Жалгыз эмесмин деп абдан кубандым. Баары болгондон бери өзүмдү өтө сезимтал деп гана ойлоп жүрдүм,surprise,,
ef43ubs,Omfg das a lotta snow. Maybe I'll get to pull out the gas powered snow thrower for the bloody first timeof the season.,Омфг бул абдан көп кар да. Балким сезондо биринчи жолу газдык кар тазалагычты алып чыгармын.,surprise,,
eej2v2d,He's mainly on Twitch now. Before I unfollowed him some time ago he did some YT content from time to time.,Ал азыр негизинен Twitch'те. Бир убакытта unfollow кылганга чейин ал кээде YT контент жасачу.,surprise,,
efe46eu,"Okay, that was actually shocking.","Макул, бул чынында таң калыштуу болду.",surprise,,
eeyow72,me too! a guy a few posts up as well... I wonder how many of us we need for a class action lawsuit,мен да! бир нече пост жогоруда бир жигит да... Коллективдик доо үчүн канчабыз керек экен деп ойлонуп жатам,surprise,,
ee8g30j,That's awful. also i think I just realized why I have so much trouble finishing the last bite of food. I get all anxious about it.,Бул жаман. ошондой эле эмнеге тамактын акыркы кесимин жей албай кыйналарымды эми гана түшүндүм окшойт. Мен андан тынчсызданып кетем.,surprise,,
efctll7,Wow calm down,"Вай, тынчталчы",surprise,,
ed84wzz,Quit serving money and [NAME] will feed you.,"Акчага кулдук кылуудан баш тарт, [АТ] сени багат.",surprise,,
edjmw3k,21 year old here! I had always wondered when I would feel like an adult... according to this thread looks like it never happens,"Мага 21 жаш! Качан өзүмдү чоңойгондой сезем деп ар дайым таң калчумун... бул жипке карасак, бул эч качан болбойт тура",surprise,,
edg1z6s,I did nazi that coming!,Муну мен күтпөгөм!,surprise,,
ef82kp3,I feel like I've seen a comment like this on another post,Мындай комментарийди башка постто да көргөндөй сезилет,surprise,,
efb9v9d,When I was maybe 8 I discovered that I liked hot dog buns with just ketchup. I shortly discovered what heartburn was.,Болжол менен 8 жашымда катчуп гана менен хот-дог булочкасын жактырарымды билдим. Көп өтпөй ич өрттөнүү деген эмне экенин да таттым.,surprise,,
edqzxj4,In the first combo if you just do the b+k instead of even bothering to kick it does 1 more damage Not much obviously but yeah just a thought,"Биринчи комбода тебүүгө убара болбостон жөн гана b+k жасасаң, 1 зыян көбүрөөк болот. Анчалык эмес дейли, бирок ооба, ой жүгүрттүм эле",surprise,,
eexwfnu,In America this guy would have been shot before he entered the door,Америкада бул жигитти эшикке кирүүгө жетпей эле атып салмак,surprise,,
ee5zb5a,OH MY GOD TYLER THAT CENSORING,ОЙ КУДАЙЫМ ТАЙЛЕР ОШО ЦЕНЗУРА ЭМЕ БЕ,surprise,,
edjcacz,WOW HOLY SHIT,"ВАЙ, НААЛАТ!",surprise,,
edv5fb4,Thats who I thought it was too😂,Мен да ошол деп ойлогом😂,surprise,,
ee1mlra,I still can't believe that dude in Whangarei is still allowed to run his business. I wonder how much longer he will keep it up.,Вангареидеги ал жигитке дагы эле бизнесин жүргүзүүгө уруксат берилип жатканына ишене алмакча эмесмин. Дагы канча убакыт созолонорун билбейм.,surprise,,
ed8jdcf,Very surprised he didn't frog leap at the guy the close the distance,Аралыкты жабуу үчүн жигитке секирип барбаганына абдан таң калдым,surprise,,
eekp5gi,"Wow. Forget the separation, lawyer up and go straight to divorce. ","Вау. Убактылуу ажырашуу жөнүндө унутуп кет, адвокат жалдап, түз эле ажырашуuga өт.",surprise,,
edo5dsj,I’m wondering the same; something seems weird about that interpretation of the law,Мен да ошону ойлоп жатам; мыйзамдын бул жоруму бир аз кызык сезилет,surprise,,
ef2qr90,"A surprise, but a welcome one","Таң калыш, бирок жагымдуу таң калыш",surprise,,
eevwyno,I noticed that too. Maybe it pumps them up too.,"Мен да байкадым. Балким, аларга да кубат берет.",surprise,,
eeizsn7,Holy shit! No way in hell I'd get that close to DFW in a Cessna!,"Ой, жаным! Мен Cessna менен DFW аэропортуна ошончо жакын барбайт элем эч качан!",surprise,,
eeag3tn,That's... pretty unexpected actually.,Бул... чынында абдан күтүлбөгөн нерсе.,surprise,,
ef1qldn,"Wait so you can get an acre of rainforest for $35? I mean, it would be way cheaper at that volume but still that's real cheap","Күтө тур, тропикалык токойдун бир акрын $35-ка ала аласыңбы? Демек, ошончолук чоң көлөмдө арзаныраак болмок, бирок дагы деле бул өтө арзан",surprise,,
edqtpnk,"All that shows is them loaning money when Liverpool make losses, which seems to have happened more than any of us realised. We don't make a loss","Бул жөн гана алардың Ливерпул зыян тарткан кезде карыз берип жаткандыгын көрсөтөт, бул биздин эч кайсыбыз ойлогондон да көп болгон сыяктуу. Биз зыян тартпайбыз.",surprise,,
efer3kx,"The one that just happened, at the blue line, practically a tackle","Азыр болгону, көк сызыкта, дээрлик чалып кетүү.",surprise,,
eek0y7l,Wow! Dudes lucky to be alive today! Who does that? Obviously drunk.,Вай! Бул жигит бүгүн аман калганына шүгүр! Ким андай кылат? Ачык эле мас болгон.,surprise,,
ee01fms,"Wow, that's cool!","Вау, кереметтей!",surprise,,
eda94mn,"Wait, wut? I thought there was some sort of (2) term pledge from","Күт, эмне дейсиң? Мен (2) мөөнөткө убада берилген деп ойлогом...",surprise,,
ef2es5y,"I was going to say ""too lazy to go down to the basement to do it"" but then I realized this isn't the north.","""Жертөлөгө барып жасагым жок"" деп айтмак элем, бирок бул жер түндүк эмес экен.",surprise,,
ef7v3zm,"Dang, dawg. That one shocked me ","Жо-о, дос. Ал мени чынында таң калдырды.",surprise,,
edvujn0,I think it is more likely that you simply do not know what science is.,"Менимче, сиз жөн гана илим деген эмне экенин билбейсиз.",surprise,,
edlmdbk,Go buy some stand-offs. The stop the ladder from falling sideways.,Бурч бекиткичтерди сатып алгыла. Алар тепкичтин капталга жыгылып кетишинен сактайт.,surprise,,
edzli0e,[NAME] isn’t a rocket scientist. I was surprised about the Thailand thing tbh I did expect it to be true haha.,"[АТ] ракета илимпозу эмес. Таиланд жөнүндөгү нерсеге чынымды айтсам таң калдым, мен аны чындык болот деп күткөн элем хаха.",surprise,,
ee206iu,"OHHHHH! THAT ONE! Oh, *[NAME]*... ","ООООО! ОШО! Оо, *[АТ]*...",surprise,,
eed5k92,And that is simply why it is (or was) illegal. And why it was classified as a class 1 danger. MONEY.,Жана дал ошондуктан бул мыйзамсыз болгон (же азыр да). Жана дал ошондуктан ал 1-класс коркунуч катары белгиленген. АКЧ А.,surprise,,
edylqjf,"[NAME] fucking [NAME], that man is enormous.","[АТ] каарыган [АТ], бул эркек зор экен.",surprise,,
edqd86c,When I was a kid and it was really interesting how you could do to make you believe that you need to go back to sleep.,Мен бала кезимде бул абдан кызыктуу болчу — кантип кайра уктап алышың керек деп өзүңдү ишендирүүгө болорун.,surprise,,
edyhuz0,Is this a real thing!?! (I am clearly very sheltered),Бул чын болуп жатабы!?! (Мен чынында эле дүйнөдөн четте өскөнүм көрүнүп турат),surprise,,
ed30018,"They were pretty cool in, like, 2010, but then everyone seemed to realize that you could write on the wipeboard with the same effect. ","Алар 2010-жылдары жакшы эле, бирок андан кийин баары маркер менен ак досканы да ошол эле эффект менен колдонсо болорун түшүнүп алгандай болду.",surprise,,
eel8j4o,Pretty normal! I have a friend who is exactly the same :),Абдан кадимки нерсе! Менин дал ошондой бир досум бар :),surprise,,
ed3rmql,Oh same! But with [NAME]!,"О, менде да! Бирок [АТ] менен!",surprise,,
eddb635,You seem jealous,Кызганып жатасың окшойт,surprise,,
edjcihh,Was blown away until I heard everyone speaking Spanish and realised it was Mexico. Not so shocking anymore.,"Баары испанча сүйлөгөнүн укканга чейин чын эле таң калдым, андан кийин Мексика экенин түшүндүм. Эми анчалык таң калыштуу эмес.",surprise,,
edl12gr,It was such a strange error.,Мынчалык кызык ката болду экен.,surprise,,
eec4wqa,That's the laziest bro I've ever seen,Бул менин байкаган эң жалкоо бром.,surprise,,
ee568an,"You know, ive always wondered how a car could get in a position like that","Ой, мен дайыма таң калчумун — машина кантип андай абалга түшүп калышы мүмкүн деп.",surprise,,
edrszyj,After five years she realizes that's not for her? No offense but thats a long time to do so.,"Беш жылдан кийин ал өзүнө ылайык эмес экенин түшүндүбү? Жаман айтпайм, бирок бул абдан узак убакыт.",surprise,,
ee3kuvz,"""Think about how dumb the average person is; then realize that half of them are dumber than that!"" - [NAME]",«Орточо адамдын канчалык акмак экенин ойлоп көр; андан соң алардын жарымы андан да акмак экенин түшүн!» — [АТ],surprise,,
efacxek,Ohhhhh that couple!,"Оооооо, ал жуп!",surprise,,
eeqirlp,"Us girls are taught to always be polite. Screw that, safety is more important.","Бизди, кыздарды, дайыма маданияттуу болууга үйрөтүшөт. Кой аны, коопсуздук маанилүүрөөк.",surprise,,
eeeht1p,sometimes i look up at the stars and i wonder if [NAME] is masterbating to our conversation somewhere out there,"кээде жылдыздарга карайм да, [АТ] бир жерде биздин аңгемеге мастурбация жасап жатабы деп ойлонуп калам",surprise,,
ee841vn,I thought you only get to be a wizard after you're 30yo and still virgin,мен 30 жашка чейин бойдок бойдон калсаң гана сыйкырчы болосуң деп ойлогом,surprise,,
efdvg3y,I'm surprised [NAME] let her post that.,[АТ] ага ошону жарыялоого уруксат бергенине таң калдым.,surprise,,
eegno27,"Wow that was a roasting... Deserved, but daaaaamn [NAME]","Вай, бул чапкылоо болду да... Арзыды, бирок дааааам [АТ]",surprise,,
eetz0g9,Most likely shock that had him so comatose.,"Аны ошондой шалдайтып койгон, жакшылап ойлонсок, шок болсо керек.",surprise,,
edslvfq,"wasn't aware of that sub, and wow ... that's one crazy racist cesspool!","Ал сабды билчү эмесмин, вай... бул акылдан адашкан расисттик батпак экен!",surprise,,
een5omm,Looks like he's been dealing with a wrecking ball of stuff,Анын башына бир топ кыйынчылыктар жааган окшойт.,surprise,,
ed1901b,I think Voit hits 30+ so it’s not impossible.,"Менимче, Войт 30дан ашыраат, демек мүмкүн эмес эмес.",surprise,,
edmyb23,Really? Cuz hella 18 year olds with bad grades from my high school seemed to do it with ease.,Чындап айтасыңбы? Анткени менин мектебимде начар баалуу 18 жаштагылардын бир кучасы муну оңой эле жасашкан.,surprise,,
ef0ihbl,"Oh, my [NAME] ","Оо, [АТ]ым",surprise,,
eeosmlu,> The headline writers are misrepresenting her words (second publication I have seen in minutes that has done so). Oh wow I wonder why,"\> Аталыш жазуучулар анын сөздөрүн бурмалап жатышат... Ой вай, неге экен деп таңданып жатам",surprise,,
ed7bnap,I think the only person who needs to leave is you.,"Менимче, кетиши керек болгон жалгыз адам — өзүңсүң.",surprise,,
edxibpc,Wonder if the balls are deflated... that worked well against the colts last time.,Топтор сөгүлгөн жокпу деп ойлойм... Өткөн жолу Колтска каршы ойногондо жакшы иштеген эле.,surprise,,
edupl5z,"Well, whaddaya know!","Карачы, мына го!",surprise,,
ed47l38,Wow this team has no clue what to do against this right now. There has to be 15 turnovers already.,"Вай, бул команда азыр эмне кылаарын такыр билбейт. Буга чейин 15 топ жоготуу болгон чыгар.",surprise,,
edv4hdw,"just realized the pic is unrelated kinda, whatever though. proud of me despite my anxiety about puttin myself or there ","сүрөт башка темада экен деп жаңы байкадым, болсо болсун. дилгирленсем да өзүмдү алдыга чыккандыгыма сыймыктанам",surprise,,
eddhac3,honestly surprised i havent lost power,чынында эле электр өчпөгөнүнө таң калып жатам,surprise,,
eetqm4a,"Wow, well I think that game just aged me 5 years...","Вай, ой ойун мени 5 жашка карыттып салды окшойт...",surprise,,
edp5e4b,I'll be surprised if *Monty Python's Life of Brian* wasn't one of those.,"*Монти Пайтондун Брайаны* алардын бирөөсү болбосо, таң калам.",surprise,,
edumayn,"Youd be surprised how many times the ""hebephilia is not pedophilia"" argument comes up on reddit. ","Reddитте ""гебефилия — бул педофилия эмес"" деген талаш канча жолу чыгаарына таң каласың.",surprise,,
eeim62i,Wow. Instant retirement money...,Вай. Дароо пенсионерлик акча...,surprise,,
ee1a6la,that would’ve tasted a lot better,ал алда канча даамдуу болмок эле,surprise,,
edku47p,"Considering you are also a child, I can't say I'm surprised by your edgy hot take.","Өзүң да бала экениңди эске алганда, мындай кескин ""акылдуу"" пикириңе таң калбайм.",surprise,,
ef6iuic,The amount of hate that [RELIGION] people get in the world is absolutely staggering.,Дүйнөдө [RELIGION] адамдарга болгон жек көрүүнүн деңгээли чын эле укмуштуудай.,surprise,,
ee4st1u,"On my first date with my now wife, who is an MD, she said she was intimidated by me. I think it was the suit though!","Азыркы аялым менен биринчи жолугушуубузда — ал дарыгер — мени коркутуп жиберет деди. Менимче, бул костюмдун айынан болгон!",surprise,,
edo15zf,My baby niece does this. She fell down a couple stairs in her time and now is real careful with them,"Менин кичинекей жээнимде ушундай болот. Ал бир нече жолу тепкичтен кулап кеткен, эми аларга чын эле этият.",surprise,,
eezn2r0,We all got our thing hun. Embrace it.,"Баарыбыздын өз нерсебиз бар, жаным. Кабыл ал.",surprise,,
eewrafg,"Wow, not exactly a complimentary typo. ","Вау, бул жазуу катасы чын эле жагымдуу эмес.",surprise,,
ee67jdw,Wow 😮 you really convinced me... like gtfo here,Вау 😮 чын эле ынандырдың... кет мурдараак жерден,surprise,,
eesno19,I am shocked they don’t have a vanity plate that reads “Beer Cheez”,"Алардын ""Beer Cheez"" деп жазылган жеке номер табличкасы жок экенине таң калам.",surprise,,
edrc2lz,Wow. He might actually lose Iowa,Вау. Ал чын эле Айованы жоготушу мүмкүн.,surprise,,
een8twr,He had a poor year in 2000 but a really good year in 1999 that helped the Mets make the post-season.,"2000-жылы начар ойноду, бирок 1999-жылы абдан жакшы ойноду, бул Метске плей-оффко чыгууга жардам берди.",surprise,,
ed06ebu,Wow I didn't know it changed your face so it doesn't break rule 1 and 2? /s,"Вау, бети өзгөрөт экен, ошондуктан 1 жана 2 эрежени бузбайт дейсиңби? /s",surprise,,
